id,name,,parent_id,icon,created_at,updated_at
1,Architecture,architecture,,,2026-05-15 08:15:35,2026-05-15 08:15:35
2,Architectural Restoration,architectural-restoration,1,,2026-05-15 08:15:35,2026-05-15 08:15:35
3,Architecture History,architecture-history,1,,2026-05-15 08:15:35,2026-05-15 08:15:35
4,Construction,construction,1,,2026-05-15 08:15:35,2026-05-15 08:15:35
5,Dynamics,dynamics,1,,2026-05-15 08:15:35,2026-05-15 08:15:35
6,History,history,1,,2026-05-15 08:15:35,2026-05-15 08:15:35
7,Housing,housing,1,,2026-05-15 08:15:35,2026-05-15 08:15:35
8,Infrastructure,infrastructure,1,,2026-05-15 08:15:35,2026-05-15 08:15:35
9,Physics,physics,1,,2026-05-15 08:15:35,2026-05-15 08:15:35
10,Railway Engineering,railway-engineering,1,,2026-05-15 08:15:35,2026-05-15 08:15:35
11,Religion,religion,1,,2026-05-15 08:15:35,2026-05-15 08:15:35
12,Steel,steel,1,,2026-05-15 08:15:35,2026-05-15 08:15:35
13,Transportation,transportation,1,,2026-05-15 08:15:35,2026-05-15 08:15:35
14,Vernacular Architecture,vernacular-architecture,1,,2026-05-15 08:15:35,2026-05-15 08:15:35
15,World History,world-history,1,,2026-05-15 08:15:35,2026-05-15 08:15:35
16,Art,art,,,2026-05-15 08:15:35,2026-05-15 08:15:35
17,Animation,animation,16,,2026-05-15 08:15:35,2026-05-15 08:15:35
18,Architectural Restoration,architectural-restoration,16,,2026-05-15 08:15:35,2026-05-15 08:15:35
19,Architecture,architecture,16,,2026-05-15 08:15:35,2026-05-15 08:15:35
20,Art History,art-history,16,,2026-05-15 08:15:35,2026-05-15 08:15:35
21,Blender,blender,16,,2026-05-15 08:15:35,2026-05-15 08:15:35
22,Cartography,cartography,16,,2026-05-15 08:15:35,2026-05-15 08:15:35
23,Cgi Animation,cgi-animation,16,,2026-05-15 08:15:35,2026-05-15 08:15:35
24,Counseling,counseling,16,,2026-05-15 08:15:35,2026-05-15 08:15:35
25,Creativity,creativity,16,,2026-05-15 08:15:35,2026-05-15 08:15:35
26,Culture,culture,16,,2026-05-15 08:15:35,2026-05-15 08:15:35
27,Design,design,16,,2026-05-15 08:15:35,2026-05-15 08:15:35
28,Digital Content Creation,digital-content-creation,16,,2026-05-15 08:15:35,2026-05-15 08:15:35
29,Drawing,drawing,16,,2026-05-15 08:15:35,2026-05-15 08:15:35
30,Film,film,16,,2026-05-15 08:15:35,2026-05-15 08:15:35
31,Fun,fun,16,,2026-05-15 08:15:35,2026-05-15 08:15:35
32,Humanities,humanities,16,,2026-05-15 08:15:35,2026-05-15 08:15:35
33,Memes,memes,16,,2026-05-15 08:15:35,2026-05-15 08:15:35
34,Music Arts,music-arts,16,,2026-05-15 08:15:35,2026-05-15 08:15:35
35,Music Theory,music-theory,16,,2026-05-15 08:15:35,2026-05-15 08:15:35
36,Mythology,mythology,16,,2026-05-15 08:15:35,2026-05-15 08:15:35
37,Popular Culture,popular-culture,16,,2026-05-15 08:15:35,2026-05-15 08:15:35
38,Procedural Modeling,procedural-modeling,16,,2026-05-15 08:15:35,2026-05-15 08:15:35
39,Screenplays,screenplays,16,,2026-05-15 08:15:35,2026-05-15 08:15:35
40,Shakespeare,shakespeare,16,,2026-05-15 08:15:35,2026-05-15 08:15:35
41,Vernacular Architecture,vernacular-architecture,16,,2026-05-15 08:15:35,2026-05-15 08:15:35
42,Video Editing,video-editing,16,,2026-05-15 08:15:35,2026-05-15 08:15:35
43,Video Game Writing,video-game-writing,16,,2026-05-15 08:15:35,2026-05-15 08:15:35
44,Videography,videography,16,,2026-05-15 08:15:35,2026-05-15 08:15:35
45,Biology,biology,,,2026-05-15 08:15:35,2026-05-15 08:15:35
46,Animal Behavior,animal-behavior,45,,2026-05-15 08:15:35,2026-05-15 08:15:35
47,Animal Breeding,animal-breeding,45,,2026-05-15 08:15:35,2026-05-15 08:15:35
48,Biochemistry,biochemistry,45,,2026-05-15 08:15:35,2026-05-15 08:15:35
49,Bioelectricity,bioelectricity,45,,2026-05-15 08:15:35,2026-05-15 08:15:35
50,Bioinformatics,bioinformatics,45,,2026-05-15 08:15:35,2026-05-15 08:15:35
51,Biomaterials,biomaterials,45,,2026-05-15 08:15:35,2026-05-15 08:15:35
52,Biomedical Imaging,biomedical-imaging,45,,2026-05-15 08:15:35,2026-05-15 08:15:35
53,Biomedical Sciences,biomedical-sciences,45,,2026-05-15 08:15:35,2026-05-15 08:15:35
54,Biostatistics,biostatistics,45,,2026-05-15 08:15:35,2026-05-15 08:15:35
55,Biotechnology,biotechnology,45,,2026-05-15 08:15:35,2026-05-15 08:15:35
56,Cellular Biology,cellular-biology,45,,2026-05-15 08:15:35,2026-05-15 08:15:35
57,Diabetes,diabetes,45,,2026-05-15 08:15:35,2026-05-15 08:15:35
58,Dinosaurs,dinosaurs,45,,2026-05-15 08:15:35,2026-05-15 08:15:35
59,Disease,disease,45,,2026-05-15 08:15:35,2026-05-15 08:15:35
60,Dna,dna,45,,2026-05-15 08:15:35,2026-05-15 08:15:35
61,Dog Behavior,dog-behavior,45,,2026-05-15 08:15:35,2026-05-15 08:15:35
62,Drugs,drugs,45,,2026-05-15 08:15:35,2026-05-15 08:15:35
63,Evolution,evolution,45,,2026-05-15 08:15:35,2026-05-15 08:15:35
64,Genetics,genetics,45,,2026-05-15 08:15:35,2026-05-15 08:15:35
65,Health Wellness,health-wellness,45,,2026-05-15 08:15:35,2026-05-15 08:15:35
66,Human Anatomy,human-anatomy,45,,2026-05-15 08:15:35,2026-05-15 08:15:35
67,Human Biology,human-biology,45,,2026-05-15 08:15:35,2026-05-15 08:15:35
68,Human Brain,human-brain,45,,2026-05-15 08:15:35,2026-05-15 08:15:35
69,Immunology,immunology,45,,2026-05-15 08:15:35,2026-05-15 08:15:35
70,Life Sciences,life-sciences,45,,2026-05-15 08:15:35,2026-05-15 08:15:35
71,Medicine,medicine,45,,2026-05-15 08:15:35,2026-05-15 08:15:35
72,Microbiology,microbiology,45,,2026-05-15 08:15:35,2026-05-15 08:15:35
73,Microscopy,microscopy,45,,2026-05-15 08:15:35,2026-05-15 08:15:35
74,Molecular Biology,molecular-biology,45,,2026-05-15 08:15:35,2026-05-15 08:15:35
75,Natural Sciences,natural-sciences,45,,2026-05-15 08:15:35,2026-05-15 08:15:35
76,Nervous System,nervous-system,45,,2026-05-15 08:15:35,2026-05-15 08:15:35
77,Neuroscience,neuroscience,45,,2026-05-15 08:15:35,2026-05-15 08:15:35
78,Nutrition,nutrition,45,,2026-05-15 08:15:35,2026-05-15 08:15:35
79,Pathophysiology,pathophysiology,45,,2026-05-15 08:15:35,2026-05-15 08:15:35
80,Physical Chemistry,physical-chemistry,45,,2026-05-15 08:15:35,2026-05-15 08:15:35
81,Physiology,physiology,45,,2026-05-15 08:15:35,2026-05-15 08:15:35
82,Salmon,salmon,45,,2026-05-15 08:15:35,2026-05-15 08:15:35
83,Stem,stem,45,,2026-05-15 08:15:35,2026-05-15 08:15:35
84,Synthetic Biology,synthetic-biology,45,,2026-05-15 08:15:35,2026-05-15 08:15:35
85,Viruses,viruses,45,,2026-05-15 08:15:35,2026-05-15 08:15:35
86,Business Administration,business-administration,,,2026-05-15 08:15:35,2026-05-15 08:15:35
87,Accounting,accounting,86,,2026-05-15 08:15:35,2026-05-15 08:15:35
88,Agile,agile,86,,2026-05-15 08:15:35,2026-05-15 08:15:35
89,Agile Project Management,agile-project-management,86,,2026-05-15 08:15:35,2026-05-15 08:15:35
90,Bookkeeping,bookkeeping,86,,2026-05-15 08:15:35,2026-05-15 08:15:35
91,Business Analysis,business-analysis,86,,2026-05-15 08:15:35,2026-05-15 08:15:35
92,Business Analytics,business-analytics,86,,2026-05-15 08:15:35,2026-05-15 08:15:35
93,Business Communications,business-communications,86,,2026-05-15 08:15:35,2026-05-15 08:15:35
94,Business Development,business-development,86,,2026-05-15 08:15:35,2026-05-15 08:15:35
95,Business Law,business-law,86,,2026-05-15 08:15:35,2026-05-15 08:15:35
96,Business Model,business-model,86,,2026-05-15 08:15:35,2026-05-15 08:15:35
97,Business Plan,business-plan,86,,2026-05-15 08:15:35,2026-05-15 08:15:35
98,Business Skills,business-skills,86,,2026-05-15 08:15:35,2026-05-15 08:15:35
99,Business Strategy,business-strategy,86,,2026-05-15 08:15:35,2026-05-15 08:15:35
100,Ceo,ceo,86,,2026-05-15 08:15:35,2026-05-15 08:15:35
101,Change Management,change-management,86,,2026-05-15 08:15:35,2026-05-15 08:15:35
102,Communications,communications,86,,2026-05-15 08:15:35,2026-05-15 08:15:35
103,Competitive Strategy,competitive-strategy,86,,2026-05-15 08:15:35,2026-05-15 08:15:35
104,Crisis Resource Management,crisis-resource-management,86,,2026-05-15 08:15:35,2026-05-15 08:15:35
105,Customer Relationship Management,customer-relationship-management,86,,2026-05-15 08:15:35,2026-05-15 08:15:35
106,Data Extraction,data-extraction,86,,2026-05-15 08:15:35,2026-05-15 08:15:35
107,Digital Marketing,digital-marketing,86,,2026-05-15 08:15:35,2026-05-15 08:15:35
108,Ecommerce,ecommerce,86,,2026-05-15 08:15:35,2026-05-15 08:15:35
109,Enterprise Sales,enterprise-sales,86,,2026-05-15 08:15:35,2026-05-15 08:15:35
110,Excel,excel,86,,2026-05-15 08:15:35,2026-05-15 08:15:35
111,Excel Formulas,excel-formulas,86,,2026-05-15 08:15:35,2026-05-15 08:15:35
112,Finance,finance,86,,2026-05-15 08:15:35,2026-05-15 08:15:35
113,Financial Accounting,financial-accounting,86,,2026-05-15 08:15:35,2026-05-15 08:15:35
114,Financial Management,financial-management,86,,2026-05-15 08:15:35,2026-05-15 08:15:35
115,Growth Marketing,growth-marketing,86,,2026-05-15 08:15:35,2026-05-15 08:15:35
116,Hospitality,hospitality,86,,2026-05-15 08:15:35,2026-05-15 08:15:35
117,Hospitality Management,hospitality-management,86,,2026-05-15 08:15:35,2026-05-15 08:15:35
118,Human Resources,human-resources,86,,2026-05-15 08:15:35,2026-05-15 08:15:35
119,Information Security,information-security,86,,2026-05-15 08:15:35,2026-05-15 08:15:35
120,Innovation,innovation,86,,2026-05-15 08:15:35,2026-05-15 08:15:35
121,Intellectual Property,intellectual-property,86,,2026-05-15 08:15:35,2026-05-15 08:15:35
122,International Business,international-business,86,,2026-05-15 08:15:35,2026-05-15 08:15:35
123,International Project Management,international-project-management,86,,2026-05-15 08:15:35,2026-05-15 08:15:35
124,It Support,it-support,86,,2026-05-15 08:15:35,2026-05-15 08:15:35
125,Knowledge Management,knowledge-management,86,,2026-05-15 08:15:35,2026-05-15 08:15:35
126,Landscape Finance,landscape-finance,86,,2026-05-15 08:15:35,2026-05-15 08:15:35
127,Leadership,leadership,86,,2026-05-15 08:15:35,2026-05-15 08:15:35
128,Lean Product Management,lean-product-management,86,,2026-05-15 08:15:35,2026-05-15 08:15:35
129,Luxury Management,luxury-management,86,,2026-05-15 08:15:35,2026-05-15 08:15:35
130,Management,management,86,,2026-05-15 08:15:35,2026-05-15 08:15:35
131,Management Accounting,management-accounting,86,,2026-05-15 08:15:35,2026-05-15 08:15:35
132,Marketing,marketing,86,,2026-05-15 08:15:35,2026-05-15 08:15:35
133,Mba Courses,mba-courses,86,,2026-05-15 08:15:35,2026-05-15 08:15:35
134,Mergers And Acquisitions,mergers-and-acquisitions,86,,2026-05-15 08:15:35,2026-05-15 08:15:35
135,Microsoft Dynamics,microsoft-dynamics,86,,2026-05-15 08:15:35,2026-05-15 08:15:35
136,Negotiations,negotiations,86,,2026-05-15 08:15:35,2026-05-15 08:15:35
137,Operations,operations,86,,2026-05-15 08:15:35,2026-05-15 08:15:35
138,Operations Management,operations-management,86,,2026-05-15 08:15:35,2026-05-15 08:15:35
139,Oracle Analytics,oracle-analytics,86,,2026-05-15 08:15:35,2026-05-15 08:15:35
140,Organizational Behavior,organizational-behavior,86,,2026-05-15 08:15:35,2026-05-15 08:15:35
141,Pmp,pmp,86,,2026-05-15 08:15:35,2026-05-15 08:15:35
142,Portfolio Management,portfolio-management,86,,2026-05-15 08:15:35,2026-05-15 08:15:35
143,Problem Solving,problem-solving,86,,2026-05-15 08:15:35,2026-05-15 08:15:35
144,Procurement,procurement,86,,2026-05-15 08:15:35,2026-05-15 08:15:35
145,Product Management,product-management,86,,2026-05-15 08:15:35,2026-05-15 08:15:35
146,Project Management,project-management,86,,2026-05-15 08:15:35,2026-05-15 08:15:35
147,Project Management Office,project-management-office,86,,2026-05-15 08:15:35,2026-05-15 08:15:35
148,Public Economics,public-economics,86,,2026-05-15 08:15:35,2026-05-15 08:15:35
149,Retail,retail,86,,2026-05-15 08:15:35,2026-05-15 08:15:35
150,Risk Management,risk-management,86,,2026-05-15 08:15:35,2026-05-15 08:15:35
151,Sales,sales,86,,2026-05-15 08:15:35,2026-05-15 08:15:35
152,Scrum,scrum,86,,2026-05-15 08:15:35,2026-05-15 08:15:35
153,Servicenow,servicenow,86,,2026-05-15 08:15:35,2026-05-15 08:15:35
154,Social Entrepreneurship,social-entrepreneurship,86,,2026-05-15 08:15:35,2026-05-15 08:15:35
155,Sports Business,sports-business,86,,2026-05-15 08:15:35,2026-05-15 08:15:35
156,Starting Business,starting-business,86,,2026-05-15 08:15:35,2026-05-15 08:15:35
157,Strategic Management,strategic-management,86,,2026-05-15 08:15:35,2026-05-15 08:15:35
158,Strategic Thinking,strategic-thinking,86,,2026-05-15 08:15:35,2026-05-15 08:15:35
159,Strategy,strategy,86,,2026-05-15 08:15:35,2026-05-15 08:15:35
160,Success,success,86,,2026-05-15 08:15:35,2026-05-15 08:15:35
161,Supply Chain Management,supply-chain-management,86,,2026-05-15 08:15:35,2026-05-15 08:15:35
162,Teamwork,teamwork,86,,2026-05-15 08:15:35,2026-05-15 08:15:35
163,Thinking,thinking,86,,2026-05-15 08:15:35,2026-05-15 08:15:35
164,Venture Capital,venture-capital,86,,2026-05-15 08:15:35,2026-05-15 08:15:35
165,Zapier,zapier,86,,2026-05-15 08:15:35,2026-05-15 08:15:35
166,Business Communications,business-communications,,,2026-05-15 08:15:35,2026-05-15 08:15:35
167,Accounting,accounting,166,,2026-05-15 08:15:35,2026-05-15 08:15:35
168,Actuarial Science,actuarial-science,166,,2026-05-15 08:15:35,2026-05-15 08:15:35
169,Agile,agile,166,,2026-05-15 08:15:35,2026-05-15 08:15:35
170,Basecamp,basecamp,166,,2026-05-15 08:15:35,2026-05-15 08:15:35
171,Bookkeeping,bookkeeping,166,,2026-05-15 08:15:35,2026-05-15 08:15:35
172,Brand Engagement,brand-engagement,166,,2026-05-15 08:15:35,2026-05-15 08:15:35
173,Branding,branding,166,,2026-05-15 08:15:35,2026-05-15 08:15:35
174,Business Analysis,business-analysis,166,,2026-05-15 08:15:35,2026-05-15 08:15:35
175,Business Analytics,business-analytics,166,,2026-05-15 08:15:35,2026-05-15 08:15:35
176,Business Development,business-development,166,,2026-05-15 08:15:35,2026-05-15 08:15:35
177,Business Law,business-law,166,,2026-05-15 08:15:35,2026-05-15 08:15:35
178,Business Management,business-management,166,,2026-05-15 08:15:35,2026-05-15 08:15:35
179,Business Model,business-model,166,,2026-05-15 08:15:35,2026-05-15 08:15:35
180,Business Plan,business-plan,166,,2026-05-15 08:15:35,2026-05-15 08:15:35
181,Business Skills,business-skills,166,,2026-05-15 08:15:35,2026-05-15 08:15:35
182,Business Strategy,business-strategy,166,,2026-05-15 08:15:35,2026-05-15 08:15:35
183,Career Development,career-development,166,,2026-05-15 08:15:35,2026-05-15 08:15:35
184,Change Management,change-management,166,,2026-05-15 08:15:35,2026-05-15 08:15:35
185,Communications,communications,166,,2026-05-15 08:15:35,2026-05-15 08:15:35
186,Competitive Strategy,competitive-strategy,166,,2026-05-15 08:15:35,2026-05-15 08:15:35
187,Content Marketing,content-marketing,166,,2026-05-15 08:15:35,2026-05-15 08:15:35
188,Copywriting,copywriting,166,,2026-05-15 08:15:35,2026-05-15 08:15:35
189,Corporate Culture,corporate-culture,166,,2026-05-15 08:15:35,2026-05-15 08:15:35
190,Critical Thinking Skills,critical-thinking-skills,166,,2026-05-15 08:15:35,2026-05-15 08:15:35
191,Customer Insights,customer-insights,166,,2026-05-15 08:15:35,2026-05-15 08:15:35
192,Decision Making,decision-making,166,,2026-05-15 08:15:35,2026-05-15 08:15:35
193,Digital Leadership,digital-leadership,166,,2026-05-15 08:15:35,2026-05-15 08:15:35
194,Digital Marketing,digital-marketing,166,,2026-05-15 08:15:35,2026-05-15 08:15:35
195,Ecommerce,ecommerce,166,,2026-05-15 08:15:35,2026-05-15 08:15:35
196,Enterprise Sales,enterprise-sales,166,,2026-05-15 08:15:35,2026-05-15 08:15:35
197,Finance,finance,166,,2026-05-15 08:15:35,2026-05-15 08:15:35
198,Financial Accounting,financial-accounting,166,,2026-05-15 08:15:35,2026-05-15 08:15:35
199,Financial Management,financial-management,166,,2026-05-15 08:15:35,2026-05-15 08:15:35
200,Gender Equity,gender-equity,166,,2026-05-15 08:15:35,2026-05-15 08:15:35
201,Genesys,genesys,166,,2026-05-15 08:15:35,2026-05-15 08:15:35
202,Growth Marketing,growth-marketing,166,,2026-05-15 08:15:35,2026-05-15 08:15:35
203,Hospitality,hospitality,166,,2026-05-15 08:15:35,2026-05-15 08:15:35
204,Hospitality Management,hospitality-management,166,,2026-05-15 08:15:35,2026-05-15 08:15:35
205,Human Resources,human-resources,166,,2026-05-15 08:15:35,2026-05-15 08:15:35
206,Innovation,innovation,166,,2026-05-15 08:15:35,2026-05-15 08:15:35
207,International Business,international-business,166,,2026-05-15 08:15:35,2026-05-15 08:15:35
208,International Project Management,international-project-management,166,,2026-05-15 08:15:35,2026-05-15 08:15:35
209,Internet Marketing,internet-marketing,166,,2026-05-15 08:15:35,2026-05-15 08:15:35
210,Interview,interview,166,,2026-05-15 08:15:35,2026-05-15 08:15:35
211,Jira,jira,166,,2026-05-15 08:15:35,2026-05-15 08:15:35
212,Journalism,journalism,166,,2026-05-15 08:15:35,2026-05-15 08:15:35
213,Knowledge Management,knowledge-management,166,,2026-05-15 08:15:35,2026-05-15 08:15:35
214,Landscape Finance,landscape-finance,166,,2026-05-15 08:15:35,2026-05-15 08:15:35
215,Leadership,leadership,166,,2026-05-15 08:15:35,2026-05-15 08:15:35
216,Lean Product Management,lean-product-management,166,,2026-05-15 08:15:35,2026-05-15 08:15:35
217,Luxury Management,luxury-management,166,,2026-05-15 08:15:35,2026-05-15 08:15:35
218,Management,management,166,,2026-05-15 08:15:35,2026-05-15 08:15:35
219,Management Accounting,management-accounting,166,,2026-05-15 08:15:35,2026-05-15 08:15:35
220,Marketing,marketing,166,,2026-05-15 08:15:35,2026-05-15 08:15:35
221,Marketing Management,marketing-management,166,,2026-05-15 08:15:35,2026-05-15 08:15:35
222,Marketing Strategy,marketing-strategy,166,,2026-05-15 08:15:35,2026-05-15 08:15:35
223,Mba Courses,mba-courses,166,,2026-05-15 08:15:35,2026-05-15 08:15:35
224,Media Law,media-law,166,,2026-05-15 08:15:35,2026-05-15 08:15:35
225,Mergers And Acquisitions,mergers-and-acquisitions,166,,2026-05-15 08:15:35,2026-05-15 08:15:35
226,Negotiations,negotiations,166,,2026-05-15 08:15:35,2026-05-15 08:15:35
227,Networking Events,networking-events,166,,2026-05-15 08:15:35,2026-05-15 08:15:35
228,Operations,operations,166,,2026-05-15 08:15:35,2026-05-15 08:15:35
229,Operations Management,operations-management,166,,2026-05-15 08:15:35,2026-05-15 08:15:35
230,Organizational Behavior,organizational-behavior,166,,2026-05-15 08:15:35,2026-05-15 08:15:35
231,Problem Solving,problem-solving,166,,2026-05-15 08:15:35,2026-05-15 08:15:35
232,Procurement,procurement,166,,2026-05-15 08:15:35,2026-05-15 08:15:35
233,Product Management,product-management,166,,2026-05-15 08:15:35,2026-05-15 08:15:35
234,Professional Development,professional-development,166,,2026-05-15 08:15:35,2026-05-15 08:15:35
235,Professional Skills,professional-skills,166,,2026-05-15 08:15:35,2026-05-15 08:15:35
236,Professional Writing,professional-writing,166,,2026-05-15 08:15:35,2026-05-15 08:15:35
237,Project Management,project-management,166,,2026-05-15 08:15:35,2026-05-15 08:15:35
238,Project Management Office,project-management-office,166,,2026-05-15 08:15:35,2026-05-15 08:15:35
239,Public Speaking,public-speaking,166,,2026-05-15 08:15:35,2026-05-15 08:15:35
240,Remote Work,remote-work,166,,2026-05-15 08:15:35,2026-05-15 08:15:35
241,Retail,retail,166,,2026-05-15 08:15:35,2026-05-15 08:15:35
242,Rhetoric,rhetoric,166,,2026-05-15 08:15:35,2026-05-15 08:15:35
243,Social Media Marketing,social-media-marketing,166,,2026-05-15 08:15:35,2026-05-15 08:15:35
244,Social Entrepreneurship,social-entrepreneurship,166,,2026-05-15 08:15:35,2026-05-15 08:15:35
245,Soft Skills,soft-skills,166,,2026-05-15 08:15:35,2026-05-15 08:15:35
246,Software As A Service,software-as-a-service,166,,2026-05-15 08:15:35,2026-05-15 08:15:35
247,Sports Business,sports-business,166,,2026-05-15 08:15:35,2026-05-15 08:15:35
248,Starting Business,starting-business,166,,2026-05-15 08:15:35,2026-05-15 08:15:35
249,Storytelling,storytelling,166,,2026-05-15 08:15:35,2026-05-15 08:15:35
250,Strategic Management,strategic-management,166,,2026-05-15 08:15:35,2026-05-15 08:15:35
251,Strategic Thinking,strategic-thinking,166,,2026-05-15 08:15:35,2026-05-15 08:15:35
252,Strategy,strategy,166,,2026-05-15 08:15:35,2026-05-15 08:15:35
253,Success,success,166,,2026-05-15 08:15:35,2026-05-15 08:15:35
254,Supply Chain Management,supply-chain-management,166,,2026-05-15 08:15:35,2026-05-15 08:15:35
255,Teamwork,teamwork,166,,2026-05-15 08:15:35,2026-05-15 08:15:35
256,Telecommunications Networks,telecommunications-networks,166,,2026-05-15 08:15:35,2026-05-15 08:15:35
257,Thinking,thinking,166,,2026-05-15 08:15:35,2026-05-15 08:15:35
258,Tiktok,tiktok,166,,2026-05-15 08:15:35,2026-05-15 08:15:35
259,Twilio,twilio,166,,2026-05-15 08:15:35,2026-05-15 08:15:35
260,Venture Capital,venture-capital,166,,2026-05-15 08:15:35,2026-05-15 08:15:35
261,Video Editing,video-editing,166,,2026-05-15 08:15:35,2026-05-15 08:15:35
262,Videography,videography,166,,2026-05-15 08:15:35,2026-05-15 08:15:35
263,Whatsapp,whatsapp,166,,2026-05-15 08:15:35,2026-05-15 08:15:35
264,Workplace Wellness,workplace-wellness,166,,2026-05-15 08:15:35,2026-05-15 08:15:35
265,Zimbra,zimbra,166,,2026-05-15 08:15:35,2026-05-15 08:15:35
266,Chemistry,chemistry,,,2026-05-15 08:15:35,2026-05-15 08:15:35
267,Astronomy,astronomy,266,,2026-05-15 08:15:35,2026-05-15 08:15:35
268,Astrophysics,astrophysics,266,,2026-05-15 08:15:35,2026-05-15 08:15:35
269,Climate Change,climate-change,266,,2026-05-15 08:15:35,2026-05-15 08:15:35
270,Earth Sciences,earth-sciences,266,,2026-05-15 08:15:35,2026-05-15 08:15:35
271,Energy,energy,266,,2026-05-15 08:15:35,2026-05-15 08:15:35
272,Global Warming,global-warming,266,,2026-05-15 08:15:35,2026-05-15 08:15:35
273,Natural Sciences,natural-sciences,266,,2026-05-15 08:15:35,2026-05-15 08:15:35
274,Optics,optics,266,,2026-05-15 08:15:35,2026-05-15 08:15:35
275,Physical Chemistry,physical-chemistry,266,,2026-05-15 08:15:35,2026-05-15 08:15:35
276,Quantum Physics Mechanics,quantum-physics-mechanics,266,,2026-05-15 08:15:35,2026-05-15 08:15:35
277,Renewable Energy,renewable-energy,266,,2026-05-15 08:15:35,2026-05-15 08:15:35
278,Solar Energy,solar-energy,266,,2026-05-15 08:15:35,2026-05-15 08:15:35
279,Spectroscopy,spectroscopy,266,,2026-05-15 08:15:35,2026-05-15 08:15:35
280,Computer Programming,computer-programming,,,2026-05-15 08:15:35,2026-05-15 08:15:35
281,Access Controls,access-controls,280,,2026-05-15 08:15:35,2026-05-15 08:15:35
282,Active Directory,active-directory,280,,2026-05-15 08:15:35,2026-05-15 08:15:35
283,Acunetix,acunetix,280,,2026-05-15 08:15:35,2026-05-15 08:15:35
284,Ada Programming,ada-programming,280,,2026-05-15 08:15:35,2026-05-15 08:15:35
285,Adabas,adabas,280,,2026-05-15 08:15:35,2026-05-15 08:15:35
286,Adaptive Design,adaptive-design,280,,2026-05-15 08:15:35,2026-05-15 08:15:35
287,Adobe Captivate,adobe-captivate,280,,2026-05-15 08:15:35,2026-05-15 08:15:35
288,Adobe Coldfusion,adobe-coldfusion,280,,2026-05-15 08:15:35,2026-05-15 08:15:35
289,Adobe Dreamweaver,adobe-dreamweaver,280,,2026-05-15 08:15:35,2026-05-15 08:15:35
290,Adobe Experience Manager,adobe-experience-manager,280,,2026-05-15 08:15:35,2026-05-15 08:15:35
291,Adobe Indesign,adobe-indesign,280,,2026-05-15 08:15:35,2026-05-15 08:15:35
292,Adware,adware,280,,2026-05-15 08:15:35,2026-05-15 08:15:35
293,Ag Grid,ag-grid,280,,2026-05-15 08:15:35,2026-05-15 08:15:35
294,Aggregator,aggregator,280,,2026-05-15 08:15:35,2026-05-15 08:15:35
295,Agile Software Development,agile-software-development,280,,2026-05-15 08:15:35,2026-05-15 08:15:35
296,Agile Testing,agile-testing,280,,2026-05-15 08:15:35,2026-05-15 08:15:35
297,Ajax,ajax,280,,2026-05-15 08:15:35,2026-05-15 08:15:35
298,Algorithms,algorithms,280,,2026-05-15 08:15:35,2026-05-15 08:15:35
299,Amazon Athena,amazon-athena,280,,2026-05-15 08:15:35,2026-05-15 08:15:35
300,Amazon Web Services Aws,amazon-web-services-aws,280,,2026-05-15 08:15:35,2026-05-15 08:15:35
301,Android Development,android-development,280,,2026-05-15 08:15:35,2026-05-15 08:15:35
302,Android Studio,android-studio,280,,2026-05-15 08:15:35,2026-05-15 08:15:35
303,Angular,angular,280,,2026-05-15 08:15:35,2026-05-15 08:15:35
304,Apache Beam,apache-beam,280,,2026-05-15 08:15:35,2026-05-15 08:15:35
305,Apache Kafka,apache-kafka,280,,2026-05-15 08:15:35,2026-05-15 08:15:35
306,Apache Spark,apache-spark,280,,2026-05-15 08:15:35,2026-05-15 08:15:35
307,Api Design,api-design,280,,2026-05-15 08:15:35,2026-05-15 08:15:35
308,Api Management,api-management,280,,2026-05-15 08:15:35,2026-05-15 08:15:35
309,App Development,app-development,280,,2026-05-15 08:15:35,2026-05-15 08:15:35
310,Aspect Oriented Programming Aop,aspect-oriented-programming-aop,280,,2026-05-15 08:15:35,2026-05-15 08:15:35
311,Aspnet,aspnet,280,,2026-05-15 08:15:35,2026-05-15 08:15:35
312,Aurelia,aurelia,280,,2026-05-15 08:15:35,2026-05-15 08:15:35
313,Authentications,authentications,280,,2026-05-15 08:15:35,2026-05-15 08:15:35
314,Aws Amplify,aws-amplify,280,,2026-05-15 08:15:35,2026-05-15 08:15:35
315,Azure,azure,280,,2026-05-15 08:15:35,2026-05-15 08:15:35
316,Azure Devops,azure-devops,280,,2026-05-15 08:15:35,2026-05-15 08:15:35
317,Azure Security,azure-security,280,,2026-05-15 08:15:35,2026-05-15 08:15:35
318,Azure Sentinel,azure-sentinel,280,,2026-05-15 08:15:35,2026-05-15 08:15:35
319,Backbonejs,backbonejs,280,,2026-05-15 08:15:35,2026-05-15 08:15:35
320,Backend Software Engineering,backend-software-engineering,280,,2026-05-15 08:15:35,2026-05-15 08:15:35
321,Base64,base64,280,,2026-05-15 08:15:35,2026-05-15 08:15:35
322,Beautifulsoup,beautifulsoup,280,,2026-05-15 08:15:35,2026-05-15 08:15:35
323,Bitmap,bitmap,280,,2026-05-15 08:15:35,2026-05-15 08:15:35
324,Blazor,blazor,280,,2026-05-15 08:15:35,2026-05-15 08:15:35
325,Blockchain,blockchain,280,,2026-05-15 08:15:35,2026-05-15 08:15:35
326,Bootstrap,bootstrap,280,,2026-05-15 08:15:35,2026-05-15 08:15:35
327,Bulma,bulma,280,,2026-05-15 08:15:35,2026-05-15 08:15:35
328,C Programming,c-programming,280,,2026-05-15 08:15:35,2026-05-15 08:15:35
329,C Sharp,c-sharp,280,,2026-05-15 08:15:35,2026-05-15 08:15:35
330,Cakephp,cakephp,280,,2026-05-15 08:15:35,2026-05-15 08:15:35
331,Centos Stream,centos-stream,280,,2026-05-15 08:15:35,2026-05-15 08:15:35
332,Certificate Authority,certificate-authority,280,,2026-05-15 08:15:35,2026-05-15 08:15:35
333,Chart Js,chart-js,280,,2026-05-15 08:15:35,2026-05-15 08:15:35
334,Chatbots,chatbots,280,,2026-05-15 08:15:35,2026-05-15 08:15:35
335,Cipher,cipher,280,,2026-05-15 08:15:35,2026-05-15 08:15:35
336,Claroty,claroty,280,,2026-05-15 08:15:35,2026-05-15 08:15:35
337,Cloud Computing,cloud-computing,280,,2026-05-15 08:15:35,2026-05-15 08:15:35
338,Cloud Foundry,cloud-foundry,280,,2026-05-15 08:15:35,2026-05-15 08:15:35
339,Cloudflare,cloudflare,280,,2026-05-15 08:15:35,2026-05-15 08:15:35
340,Code Migration,code-migration,280,,2026-05-15 08:15:35,2026-05-15 08:15:35
341,Codeigniter,codeigniter,280,,2026-05-15 08:15:35,2026-05-15 08:15:35
342,Coding,coding,280,,2026-05-15 08:15:35,2026-05-15 08:15:35
343,Coding Theory,coding-theory,280,,2026-05-15 08:15:35,2026-05-15 08:15:35
344,Command Line,command-line,280,,2026-05-15 08:15:35,2026-05-15 08:15:35
345,Compilers,compilers,280,,2026-05-15 08:15:35,2026-05-15 08:15:35
346,Computer Forensics,computer-forensics,280,,2026-05-15 08:15:35,2026-05-15 08:15:35
347,Computer Science,computer-science,280,,2026-05-15 08:15:35,2026-05-15 08:15:35
348,Computer Security,computer-security,280,,2026-05-15 08:15:35,2026-05-15 08:15:35
349,Computer Vision,computer-vision,280,,2026-05-15 08:15:35,2026-05-15 08:15:35
350,Content Management Systems,content-management-systems,280,,2026-05-15 08:15:35,2026-05-15 08:15:35
351,Continuous Integration,continuous-integration,280,,2026-05-15 08:15:35,2026-05-15 08:15:35
352,Corda,corda,280,,2026-05-15 08:15:35,2026-05-15 08:15:35
353,Css,css,280,,2026-05-15 08:15:35,2026-05-15 08:15:35
354,Css Grid,css-grid,280,,2026-05-15 08:15:35,2026-05-15 08:15:35
355,Cybersecurity,cybersecurity,280,,2026-05-15 08:15:35,2026-05-15 08:15:35
356,Cygwin,cygwin,280,,2026-05-15 08:15:35,2026-05-15 08:15:35
357,Daemon Tools,daemon-tools,280,,2026-05-15 08:15:35,2026-05-15 08:15:35
358,Decoding,decoding,280,,2026-05-15 08:15:35,2026-05-15 08:15:35
359,Devops,devops,280,,2026-05-15 08:15:35,2026-05-15 08:15:35
360,Devsecops,devsecops,280,,2026-05-15 08:15:35,2026-05-15 08:15:35
361,Digital Forensics,digital-forensics,280,,2026-05-15 08:15:35,2026-05-15 08:15:35
362,Django,django,280,,2026-05-15 08:15:35,2026-05-15 08:15:35
363,Docker,docker,280,,2026-05-15 08:15:35,2026-05-15 08:15:35
364,Docker Hub,docker-hub,280,,2026-05-15 08:15:35,2026-05-15 08:15:35
365,Dojo Toolkit,dojo-toolkit,280,,2026-05-15 08:15:35,2026-05-15 08:15:35
366,Dom Scripting,dom-scripting,280,,2026-05-15 08:15:35,2026-05-15 08:15:35
367,Dozer,dozer,280,,2026-05-15 08:15:35,2026-05-15 08:15:35
368,Drupal,drupal,280,,2026-05-15 08:15:35,2026-05-15 08:15:35
369,Dynamic Programming,dynamic-programming,280,,2026-05-15 08:15:35,2026-05-15 08:15:35
370,Eclipse,eclipse,280,,2026-05-15 08:15:35,2026-05-15 08:15:35
371,Edge Computing,edge-computing,280,,2026-05-15 08:15:35,2026-05-15 08:15:35
372,Encase,encase,280,,2026-05-15 08:15:35,2026-05-15 08:15:35
373,Encryption,encryption,280,,2026-05-15 08:15:35,2026-05-15 08:15:35
374,Encryption Software,encryption-software,280,,2026-05-15 08:15:35,2026-05-15 08:15:35
375,Eslint,eslint,280,,2026-05-15 08:15:35,2026-05-15 08:15:35
376,Ethereum,ethereum,280,,2026-05-15 08:15:35,2026-05-15 08:15:35
377,Etherscan,etherscan,280,,2026-05-15 08:15:35,2026-05-15 08:15:35
378,Ethical Hacking,ethical-hacking,280,,2026-05-15 08:15:35,2026-05-15 08:15:35
379,Fastapi,fastapi,280,,2026-05-15 08:15:35,2026-05-15 08:15:35
380,Fiddler Software,fiddler-software,280,,2026-05-15 08:15:35,2026-05-15 08:15:35
381,Firebase,firebase,280,,2026-05-15 08:15:35,2026-05-15 08:15:35
382,Firmware,firmware,280,,2026-05-15 08:15:35,2026-05-15 08:15:35
383,Flask,flask,280,,2026-05-15 08:15:35,2026-05-15 08:15:35
384,Flexbox,flexbox,280,,2026-05-15 08:15:35,2026-05-15 08:15:35
385,Forcepoint,forcepoint,280,,2026-05-15 08:15:35,2026-05-15 08:15:35
386,Forensics Tools,forensics-tools,280,,2026-05-15 08:15:35,2026-05-15 08:15:35
387,Front End Software Engineering,front-end-software-engineering,280,,2026-05-15 08:15:35,2026-05-15 08:15:35
388,Front End Web Development,front-end-web-development,280,,2026-05-15 08:15:35,2026-05-15 08:15:35
389,Full Stack Development,full-stack-development,280,,2026-05-15 08:15:35,2026-05-15 08:15:35
390,Game Development,game-development,280,,2026-05-15 08:15:35,2026-05-15 08:15:35
391,Genesys,genesys,280,,2026-05-15 08:15:35,2026-05-15 08:15:35
392,Ghidra,ghidra,280,,2026-05-15 08:15:35,2026-05-15 08:15:35
393,Git,git,280,,2026-05-15 08:15:35,2026-05-15 08:15:35
394,Github,github,280,,2026-05-15 08:15:35,2026-05-15 08:15:35
395,Google Search Console,google-search-console,280,,2026-05-15 08:15:35,2026-05-15 08:15:35
396,Gparted,gparted,280,,2026-05-15 08:15:35,2026-05-15 08:15:35
397,Grafana,grafana,280,,2026-05-15 08:15:35,2026-05-15 08:15:35
398,Graphql,graphql,280,,2026-05-15 08:15:35,2026-05-15 08:15:35
399,Grid Computing,grid-computing,280,,2026-05-15 08:15:35,2026-05-15 08:15:35
400,Grpc,grpc,280,,2026-05-15 08:15:35,2026-05-15 08:15:35
401,Hackerone,hackerone,280,,2026-05-15 08:15:35,2026-05-15 08:15:35
402,Hacking,hacking,280,,2026-05-15 08:15:35,2026-05-15 08:15:35
403,Hadoop,hadoop,280,,2026-05-15 08:15:35,2026-05-15 08:15:35
404,Hardening,hardening,280,,2026-05-15 08:15:35,2026-05-15 08:15:35
405,Hash Table,hash-table,280,,2026-05-15 08:15:35,2026-05-15 08:15:35
406,Heroku,heroku,280,,2026-05-15 08:15:35,2026-05-15 08:15:35
407,Html,html,280,,2026-05-15 08:15:35,2026-05-15 08:15:35
408,Html5,html5,280,,2026-05-15 08:15:35,2026-05-15 08:15:35
409,Http Protocols,http-protocols,280,,2026-05-15 08:15:35,2026-05-15 08:15:35
410,Hyperledger,hyperledger,280,,2026-05-15 08:15:35,2026-05-15 08:15:35
411,Ibm Qradar,ibm-qradar,280,,2026-05-15 08:15:35,2026-05-15 08:15:35
412,Icloud,icloud,280,,2026-05-15 08:15:35,2026-05-15 08:15:35
413,Iframe,iframe,280,,2026-05-15 08:15:35,2026-05-15 08:15:35
414,Information Security,information-security,280,,2026-05-15 08:15:35,2026-05-15 08:15:35
415,Information Technology,information-technology,280,,2026-05-15 08:15:35,2026-05-15 08:15:35
416,Ios App,ios-app,280,,2026-05-15 08:15:35,2026-05-15 08:15:35
417,Ios Development,ios-development,280,,2026-05-15 08:15:35,2026-05-15 08:15:35
418,Iptables,iptables,280,,2026-05-15 08:15:35,2026-05-15 08:15:35
419,Ipv4,ipv4,280,,2026-05-15 08:15:35,2026-05-15 08:15:35
420,It Support,it-support,280,,2026-05-15 08:15:35,2026-05-15 08:15:35
421,Java,java,280,,2026-05-15 08:15:35,2026-05-15 08:15:35
422,Javafx,javafx,280,,2026-05-15 08:15:35,2026-05-15 08:15:35
423,Javascript,javascript,280,,2026-05-15 08:15:35,2026-05-15 08:15:35
424,Jenkins,jenkins,280,,2026-05-15 08:15:35,2026-05-15 08:15:35
425,Jetty,jetty,280,,2026-05-15 08:15:35,2026-05-15 08:15:35
426,Jhipster,jhipster,280,,2026-05-15 08:15:35,2026-05-15 08:15:35
427,Jquery,jquery,280,,2026-05-15 08:15:35,2026-05-15 08:15:35
428,Jruby,jruby,280,,2026-05-15 08:15:35,2026-05-15 08:15:35
429,Json,json,280,,2026-05-15 08:15:35,2026-05-15 08:15:35
430,Kali Linux,kali-linux,280,,2026-05-15 08:15:35,2026-05-15 08:15:35
431,Kids Coding Language,kids-coding-language,280,,2026-05-15 08:15:35,2026-05-15 08:15:35
432,Kotlin,kotlin,280,,2026-05-15 08:15:35,2026-05-15 08:15:35
433,Kubernetes,kubernetes,280,,2026-05-15 08:15:35,2026-05-15 08:15:35
434,Laravel,laravel,280,,2026-05-15 08:15:35,2026-05-15 08:15:35
435,Liferay,liferay,280,,2026-05-15 08:15:35,2026-05-15 08:15:35
436,Linux,linux,280,,2026-05-15 08:15:35,2026-05-15 08:15:35
437,Lodash,lodash,280,,2026-05-15 08:15:35,2026-05-15 08:15:35
438,Lua,lua,280,,2026-05-15 08:15:35,2026-05-15 08:15:35
439,Macrium Reflect,macrium-reflect,280,,2026-05-15 08:15:35,2026-05-15 08:15:35
440,Malware Analysis,malware-analysis,280,,2026-05-15 08:15:35,2026-05-15 08:15:35
441,Mamp,mamp,280,,2026-05-15 08:15:35,2026-05-15 08:15:35
442,Mean Stack,mean-stack,280,,2026-05-15 08:15:35,2026-05-15 08:15:35
443,Mern Stack,mern-stack,280,,2026-05-15 08:15:35,2026-05-15 08:15:35
444,Metadata,metadata,280,,2026-05-15 08:15:35,2026-05-15 08:15:35
445,Metasploit,metasploit,280,,2026-05-15 08:15:35,2026-05-15 08:15:35
446,Meteorjs,meteorjs,280,,2026-05-15 08:15:35,2026-05-15 08:15:35
447,Microstrategy,microstrategy,280,,2026-05-15 08:15:35,2026-05-15 08:15:35
448,Mifi,mifi,280,,2026-05-15 08:15:35,2026-05-15 08:15:35
449,Minitab,minitab,280,,2026-05-15 08:15:35,2026-05-15 08:15:35
450,Mobile Development,mobile-development,280,,2026-05-15 08:15:35,2026-05-15 08:15:35
451,Mongodb,mongodb,280,,2026-05-15 08:15:35,2026-05-15 08:15:35
452,Mulesoft,mulesoft,280,,2026-05-15 08:15:35,2026-05-15 08:15:35
453,Nativescript,nativescript,280,,2026-05-15 08:15:35,2026-05-15 08:15:35
454,Netbeans,netbeans,280,,2026-05-15 08:15:35,2026-05-15 08:15:35
455,Network Computing,network-computing,280,,2026-05-15 08:15:35,2026-05-15 08:15:35
456,Network Programming,network-programming,280,,2026-05-15 08:15:35,2026-05-15 08:15:35
457,Network Security,network-security,280,,2026-05-15 08:15:35,2026-05-15 08:15:35
458,Numba,numba,280,,2026-05-15 08:15:35,2026-05-15 08:15:35
459,Oauth,oauth,280,,2026-05-15 08:15:35,2026-05-15 08:15:35
460,Object Oriented Programming,object-oriented-programming,280,,2026-05-15 08:15:35,2026-05-15 08:15:35
461,Openssl,openssl,280,,2026-05-15 08:15:35,2026-05-15 08:15:35
462,Openstack,openstack,280,,2026-05-15 08:15:35,2026-05-15 08:15:35
463,Openvas,openvas,280,,2026-05-15 08:15:35,2026-05-15 08:15:35
464,Oracle Sql,oracle-sql,280,,2026-05-15 08:15:35,2026-05-15 08:15:35
465,Page Speed,page-speed,280,,2026-05-15 08:15:35,2026-05-15 08:15:35
466,Parsing,parsing,280,,2026-05-15 08:15:35,2026-05-15 08:15:35
467,Penetration Testing,penetration-testing,280,,2026-05-15 08:15:35,2026-05-15 08:15:35
468,Pfsense,pfsense,280,,2026-05-15 08:15:35,2026-05-15 08:15:35
469,Phishing,phishing,280,,2026-05-15 08:15:35,2026-05-15 08:15:35
470,Postgresql,postgresql,280,,2026-05-15 08:15:35,2026-05-15 08:15:35
471,Powershell,powershell,280,,2026-05-15 08:15:35,2026-05-15 08:15:35
472,Primefaces,primefaces,280,,2026-05-15 08:15:35,2026-05-15 08:15:35
473,Progressive Web Apps,progressive-web-apps,280,,2026-05-15 08:15:35,2026-05-15 08:15:35
474,Pycharm,pycharm,280,,2026-05-15 08:15:35,2026-05-15 08:15:35
475,Pypi,pypi,280,,2026-05-15 08:15:35,2026-05-15 08:15:35
476,Python,python,280,,2026-05-15 08:15:35,2026-05-15 08:15:35
477,R Shiny,r-shiny,280,,2026-05-15 08:15:35,2026-05-15 08:15:35
478,Radware,radware,280,,2026-05-15 08:15:35,2026-05-15 08:15:35
479,Raspberry Pi,raspberry-pi,280,,2026-05-15 08:15:35,2026-05-15 08:15:35
480,React Native,react-native,280,,2026-05-15 08:15:35,2026-05-15 08:15:35
481,Reactjs,reactjs,280,,2026-05-15 08:15:35,2026-05-15 08:15:35
482,Rest Api,rest-api,280,,2026-05-15 08:15:35,2026-05-15 08:15:35
483,Restify,restify,280,,2026-05-15 08:15:35,2026-05-15 08:15:35
484,Rsa Cryptosystem,rsa-cryptosystem,280,,2026-05-15 08:15:35,2026-05-15 08:15:35
485,Rstudio,rstudio,280,,2026-05-15 08:15:35,2026-05-15 08:15:35
486,Ruby,ruby,280,,2026-05-15 08:15:35,2026-05-15 08:15:35
487,Ruby On Rails,ruby-on-rails,280,,2026-05-15 08:15:35,2026-05-15 08:15:35
488,Sass,sass,280,,2026-05-15 08:15:35,2026-05-15 08:15:35
489,Scala,scala,280,,2026-05-15 08:15:35,2026-05-15 08:15:35
490,Scikit Learn,scikit-learn,280,,2026-05-15 08:15:35,2026-05-15 08:15:35
491,Scratch Programming,scratch-programming,280,,2026-05-15 08:15:35,2026-05-15 08:15:35
492,Scripting,scripting,280,,2026-05-15 08:15:35,2026-05-15 08:15:35
493,Scrum,scrum,280,,2026-05-15 08:15:35,2026-05-15 08:15:35
494,Security Administration,security-administration,280,,2026-05-15 08:15:35,2026-05-15 08:15:35
495,Security Software,security-software,280,,2026-05-15 08:15:35,2026-05-15 08:15:35
496,Security Testing,security-testing,280,,2026-05-15 08:15:35,2026-05-15 08:15:35
497,Selenium,selenium,280,,2026-05-15 08:15:35,2026-05-15 08:15:35
498,Selinux,selinux,280,,2026-05-15 08:15:35,2026-05-15 08:15:35
499,Semantic Ui,semantic-ui,280,,2026-05-15 08:15:35,2026-05-15 08:15:35
500,Servicenow,servicenow,280,,2026-05-15 08:15:35,2026-05-15 08:15:35
501,Sitemaps,sitemaps,280,,2026-05-15 08:15:35,2026-05-15 08:15:35
502,Smarty,smarty,280,,2026-05-15 08:15:35,2026-05-15 08:15:35
503,Software As A Service,software-as-a-service,280,,2026-05-15 08:15:35,2026-05-15 08:15:35
504,Software Coding,software-coding,280,,2026-05-15 08:15:35,2026-05-15 08:15:35
505,Software Development,software-development,280,,2026-05-15 08:15:35,2026-05-15 08:15:35
506,Software Development Life Cycle,software-development-life-cycle,280,,2026-05-15 08:15:35,2026-05-15 08:15:35
507,Software Prototyping,software-prototyping,280,,2026-05-15 08:15:35,2026-05-15 08:15:35
508,Software Testing,software-testing,280,,2026-05-15 08:15:35,2026-05-15 08:15:35
509,Solidity,solidity,280,,2026-05-15 08:15:35,2026-05-15 08:15:35
510,Sonicwall,sonicwall,280,,2026-05-15 08:15:35,2026-05-15 08:15:35
511,Spring Boot,spring-boot,280,,2026-05-15 08:15:35,2026-05-15 08:15:35
512,Spring Security,spring-security,280,,2026-05-15 08:15:35,2026-05-15 08:15:35
513,Sqlalchemy,sqlalchemy,280,,2026-05-15 08:15:35,2026-05-15 08:15:35
514,Squarespace,squarespace,280,,2026-05-15 08:15:35,2026-05-15 08:15:35
515,Steganography,steganography,280,,2026-05-15 08:15:35,2026-05-15 08:15:35
516,Swagger Ui,swagger-ui,280,,2026-05-15 08:15:35,2026-05-15 08:15:35
517,Swift,swift,280,,2026-05-15 08:15:35,2026-05-15 08:15:35
518,Symfony,symfony,280,,2026-05-15 08:15:35,2026-05-15 08:15:35
519,Syntax,syntax,280,,2026-05-15 08:15:35,2026-05-15 08:15:35
520,Telecommunications Networks,telecommunications-networks,280,,2026-05-15 08:15:35,2026-05-15 08:15:35
521,Test Driven Development,test-driven-development,280,,2026-05-15 08:15:35,2026-05-15 08:15:35
522,Truffle,truffle,280,,2026-05-15 08:15:35,2026-05-15 08:15:35
523,Twilio,twilio,280,,2026-05-15 08:15:35,2026-05-15 08:15:35
524,Typescript,typescript,280,,2026-05-15 08:15:35,2026-05-15 08:15:35
525,Umbraco,umbraco,280,,2026-05-15 08:15:35,2026-05-15 08:15:35
526,Unit Testing,unit-testing,280,,2026-05-15 08:15:35,2026-05-15 08:15:35
527,Unity 3D,unity-3d,280,,2026-05-15 08:15:35,2026-05-15 08:15:35
528,Unix,unix,280,,2026-05-15 08:15:35,2026-05-15 08:15:35
529,Vaadin,vaadin,280,,2026-05-15 08:15:35,2026-05-15 08:15:35
530,Veracode,veracode,280,,2026-05-15 08:15:35,2026-05-15 08:15:35
531,Vuex,vuex,280,,2026-05-15 08:15:35,2026-05-15 08:15:35
532,Vulnerability Management,vulnerability-management,280,,2026-05-15 08:15:35,2026-05-15 08:15:35
533,Watir,watir,280,,2026-05-15 08:15:35,2026-05-15 08:15:35
534,Web 2 0,web-2-0,280,,2026-05-15 08:15:35,2026-05-15 08:15:35
535,Web Content Management System,web-content-management-system,280,,2026-05-15 08:15:35,2026-05-15 08:15:35
536,Web Development,web-development,280,,2026-05-15 08:15:35,2026-05-15 08:15:35
537,Web Frameworks,web-frameworks,280,,2026-05-15 08:15:35,2026-05-15 08:15:35
538,Web Scraping,web-scraping,280,,2026-05-15 08:15:35,2026-05-15 08:15:35
539,Web Servers,web-servers,280,,2026-05-15 08:15:35,2026-05-15 08:15:35
540,Webhooks,webhooks,280,,2026-05-15 08:15:35,2026-05-15 08:15:35
541,Webkit,webkit,280,,2026-05-15 08:15:35,2026-05-15 08:15:35
542,Website Architecture,website-architecture,280,,2026-05-15 08:15:35,2026-05-15 08:15:35
543,Weebly,weebly,280,,2026-05-15 08:15:35,2026-05-15 08:15:35
544,Windows 10 Security,windows-10-security,280,,2026-05-15 08:15:35,2026-05-15 08:15:35
545,Wireshark,wireshark,280,,2026-05-15 08:15:35,2026-05-15 08:15:35
546,Wix,wix,280,,2026-05-15 08:15:35,2026-05-15 08:15:35
547,Xampp,xampp,280,,2026-05-15 08:15:35,2026-05-15 08:15:35
548,Xml Databases,xml-databases,280,,2026-05-15 08:15:35,2026-05-15 08:15:35
549,Yaml,yaml,280,,2026-05-15 08:15:35,2026-05-15 08:15:35
550,Zimbra,zimbra,280,,2026-05-15 08:15:35,2026-05-15 08:15:35
551,Data Analysis,data-analysis,,,2026-05-15 08:15:35,2026-05-15 08:15:35
552,Access Controls,access-controls,551,,2026-05-15 08:15:35,2026-05-15 08:15:35
553,Adabas,adabas,551,,2026-05-15 08:15:35,2026-05-15 08:15:35
554,Aerospike,aerospike,551,,2026-05-15 08:15:35,2026-05-15 08:15:35
555,Ag Grid,ag-grid,551,,2026-05-15 08:15:35,2026-05-15 08:15:35
556,Alteryx,alteryx,551,,2026-05-15 08:15:35,2026-05-15 08:15:35
557,Analytics,analytics,551,,2026-05-15 08:15:35,2026-05-15 08:15:35
558,Apache Flink,apache-flink,551,,2026-05-15 08:15:35,2026-05-15 08:15:35
559,Aws Glue,aws-glue,551,,2026-05-15 08:15:35,2026-05-15 08:15:35
560,Aws Kinesis,aws-kinesis,551,,2026-05-15 08:15:35,2026-05-15 08:15:35
561,Beautifulsoup,beautifulsoup,551,,2026-05-15 08:15:35,2026-05-15 08:15:35
562,Big Data,big-data,551,,2026-05-15 08:15:35,2026-05-15 08:15:35
563,Big Query,big-query,551,,2026-05-15 08:15:35,2026-05-15 08:15:35
564,Binomial Distribution,binomial-distribution,551,,2026-05-15 08:15:35,2026-05-15 08:15:35
565,Business Intelligence,business-intelligence,551,,2026-05-15 08:15:35,2026-05-15 08:15:35
566,C Plus Plus,c-plus-plus,551,,2026-05-15 08:15:35,2026-05-15 08:15:35
567,Chatgpt,chatgpt,551,,2026-05-15 08:15:35,2026-05-15 08:15:35
568,Cipher,cipher,551,,2026-05-15 08:15:35,2026-05-15 08:15:35
569,Convolutional Neural Network,convolutional-neural-network,551,,2026-05-15 08:15:35,2026-05-15 08:15:35
570,Data Analytics,data-analytics,551,,2026-05-15 08:15:35,2026-05-15 08:15:35
571,Data Encoding,data-encoding,551,,2026-05-15 08:15:35,2026-05-15 08:15:35
572,Data Encryption,data-encryption,551,,2026-05-15 08:15:35,2026-05-15 08:15:35
573,Data Engineering,data-engineering,551,,2026-05-15 08:15:35,2026-05-15 08:15:35
574,Data Extraction,data-extraction,551,,2026-05-15 08:15:35,2026-05-15 08:15:35
575,Data Integration,data-integration,551,,2026-05-15 08:15:35,2026-05-15 08:15:35
576,Data Lakes,data-lakes,551,,2026-05-15 08:15:35,2026-05-15 08:15:35
577,Data Management,data-management,551,,2026-05-15 08:15:35,2026-05-15 08:15:35
578,Data Mart,data-mart,551,,2026-05-15 08:15:35,2026-05-15 08:15:35
579,Data Mining,data-mining,551,,2026-05-15 08:15:35,2026-05-15 08:15:35
580,Data Monetization,data-monetization,551,,2026-05-15 08:15:35,2026-05-15 08:15:35
581,Data Recovery,data-recovery,551,,2026-05-15 08:15:35,2026-05-15 08:15:35
582,Data Science,data-science,551,,2026-05-15 08:15:35,2026-05-15 08:15:35
583,Data Sharing,data-sharing,551,,2026-05-15 08:15:35,2026-05-15 08:15:35
584,Data Transformation,data-transformation,551,,2026-05-15 08:15:35,2026-05-15 08:15:35
585,Data Visualization,data-visualization,551,,2026-05-15 08:15:35,2026-05-15 08:15:35
586,Data Warehouse,data-warehouse,551,,2026-05-15 08:15:35,2026-05-15 08:15:35
587,Database Encryption,database-encryption,551,,2026-05-15 08:15:35,2026-05-15 08:15:35
588,Database Schema,database-schema,551,,2026-05-15 08:15:35,2026-05-15 08:15:35
589,Databases,databases,551,,2026-05-15 08:15:35,2026-05-15 08:15:35
590,Deep Learning,deep-learning,551,,2026-05-15 08:15:35,2026-05-15 08:15:35
591,Edge Computing,edge-computing,551,,2026-05-15 08:15:35,2026-05-15 08:15:35
592,Excel,excel,551,,2026-05-15 08:15:35,2026-05-15 08:15:35
593,File Allocation Tables,file-allocation-tables,551,,2026-05-15 08:15:35,2026-05-15 08:15:35
594,Firebird Database,firebird-database,551,,2026-05-15 08:15:35,2026-05-15 08:15:35
595,Google Power Searching,google-power-searching,551,,2026-05-15 08:15:35,2026-05-15 08:15:35
596,Gparted,gparted,551,,2026-05-15 08:15:35,2026-05-15 08:15:35
597,Grafana,grafana,551,,2026-05-15 08:15:35,2026-05-15 08:15:35
598,Graylog,graylog,551,,2026-05-15 08:15:35,2026-05-15 08:15:35
599,Hash Table,hash-table,551,,2026-05-15 08:15:35,2026-05-15 08:15:35
600,Ibm Watson,ibm-watson,551,,2026-05-15 08:15:35,2026-05-15 08:15:35
601,Image Analysis,image-analysis,551,,2026-05-15 08:15:35,2026-05-15 08:15:35
602,Image Processing,image-processing,551,,2026-05-15 08:15:35,2026-05-15 08:15:35
603,Inference,inference,551,,2026-05-15 08:15:35,2026-05-15 08:15:35
604,Inferential Statistics,inferential-statistics,551,,2026-05-15 08:15:35,2026-05-15 08:15:35
605,Informatica,informatica,551,,2026-05-15 08:15:35,2026-05-15 08:15:35
606,Informatics,informatics,551,,2026-05-15 08:15:35,2026-05-15 08:15:35
607,Information Systems,information-systems,551,,2026-05-15 08:15:35,2026-05-15 08:15:35
608,Keras,keras,551,,2026-05-15 08:15:35,2026-05-15 08:15:35
609,Kibana,kibana,551,,2026-05-15 08:15:35,2026-05-15 08:15:35
610,Log Analysis,log-analysis,551,,2026-05-15 08:15:35,2026-05-15 08:15:35
611,Machine Learning,machine-learning,551,,2026-05-15 08:15:35,2026-05-15 08:15:35
612,Mariadb,mariadb,551,,2026-05-15 08:15:35,2026-05-15 08:15:35
613,Marketing Analytics,marketing-analytics,551,,2026-05-15 08:15:35,2026-05-15 08:15:35
614,Microsoft Dynamics,microsoft-dynamics,551,,2026-05-15 08:15:35,2026-05-15 08:15:35
615,Microstrategy,microstrategy,551,,2026-05-15 08:15:35,2026-05-15 08:15:35
616,Minitab,minitab,551,,2026-05-15 08:15:35,2026-05-15 08:15:35
617,Mysql,mysql,551,,2026-05-15 08:15:35,2026-05-15 08:15:35
618,Natural Language Processing,natural-language-processing,551,,2026-05-15 08:15:35,2026-05-15 08:15:35
619,Neural Network,neural-network,551,,2026-05-15 08:15:35,2026-05-15 08:15:35
620,Nosql,nosql,551,,2026-05-15 08:15:35,2026-05-15 08:15:35
621,Numpy,numpy,551,,2026-05-15 08:15:35,2026-05-15 08:15:35
622,Oracle Analytics,oracle-analytics,551,,2026-05-15 08:15:35,2026-05-15 08:15:35
623,Oracle Sql,oracle-sql,551,,2026-05-15 08:15:35,2026-05-15 08:15:35
624,Pandas,pandas,551,,2026-05-15 08:15:35,2026-05-15 08:15:35
625,Parsing,parsing,551,,2026-05-15 08:15:35,2026-05-15 08:15:35
626,Pivot Tables And Charts,pivot-tables-and-charts,551,,2026-05-15 08:15:35,2026-05-15 08:15:35
627,Postgresql,postgresql,551,,2026-05-15 08:15:35,2026-05-15 08:15:35
628,Power Bi,power-bi,551,,2026-05-15 08:15:35,2026-05-15 08:15:35
629,Predictive Analytics,predictive-analytics,551,,2026-05-15 08:15:35,2026-05-15 08:15:35
630,Pytorch,pytorch,551,,2026-05-15 08:15:35,2026-05-15 08:15:35
631,R Programming,r-programming,551,,2026-05-15 08:15:35,2026-05-15 08:15:35
632,Regression,regression,551,,2026-05-15 08:15:35,2026-05-15 08:15:35
633,Relational Database Management Systems,relational-database-management-systems,551,,2026-05-15 08:15:35,2026-05-15 08:15:35
634,Relational Databases,relational-databases,551,,2026-05-15 08:15:35,2026-05-15 08:15:35
635,Research,research,551,,2026-05-15 08:15:35,2026-05-15 08:15:35
636,Simulation,simulation,551,,2026-05-15 08:15:35,2026-05-15 08:15:35
637,Snowflake,snowflake,551,,2026-05-15 08:15:35,2026-05-15 08:15:35
638,Sql,sql,551,,2026-05-15 08:15:35,2026-05-15 08:15:35
639,Sqlalchemy,sqlalchemy,551,,2026-05-15 08:15:35,2026-05-15 08:15:35
640,Stata,stata,551,,2026-05-15 08:15:35,2026-05-15 08:15:35
641,Statistics,statistics,551,,2026-05-15 08:15:35,2026-05-15 08:15:35
642,Stochastic Processes,stochastic-processes,551,,2026-05-15 08:15:35,2026-05-15 08:15:35
643,Syntax,syntax,551,,2026-05-15 08:15:35,2026-05-15 08:15:35
644,T Sql,t-sql,551,,2026-05-15 08:15:35,2026-05-15 08:15:35
645,Tealium,tealium,551,,2026-05-15 08:15:35,2026-05-15 08:15:35
646,Technical Analysis,technical-analysis,551,,2026-05-15 08:15:35,2026-05-15 08:15:35
647,Tensorflow,tensorflow,551,,2026-05-15 08:15:35,2026-05-15 08:15:35
648,Tinyml,tinyml,551,,2026-05-15 08:15:35,2026-05-15 08:15:35
649,Veeam,veeam,551,,2026-05-15 08:15:35,2026-05-15 08:15:35
650,Xml Databases,xml-databases,551,,2026-05-15 08:15:35,2026-05-15 08:15:35
651,Yaml,yaml,551,,2026-05-15 08:15:35,2026-05-15 08:15:35
652,Design,design,,,2026-05-15 08:15:35,2026-05-15 08:15:35
653,Accessibility,accessibility,652,,2026-05-15 08:15:35,2026-05-15 08:15:35
654,Adobe Indesign,adobe-indesign,652,,2026-05-15 08:15:35,2026-05-15 08:15:35
655,Adobe Target,adobe-target,652,,2026-05-15 08:15:35,2026-05-15 08:15:35
656,Autocad,autocad,652,,2026-05-15 08:15:35,2026-05-15 08:15:35
657,Computer Graphics,computer-graphics,652,,2026-05-15 08:15:35,2026-05-15 08:15:35
658,Customer Centric Innovation,customer-centric-innovation,652,,2026-05-15 08:15:35,2026-05-15 08:15:35
659,Design Thinking,design-thinking,652,,2026-05-15 08:15:35,2026-05-15 08:15:35
660,Fashion,fashion,652,,2026-05-15 08:15:35,2026-05-15 08:15:35
661,Future Work,future-work,652,,2026-05-15 08:15:35,2026-05-15 08:15:35
662,Game Design,game-design,652,,2026-05-15 08:15:35,2026-05-15 08:15:35
663,Gamification,gamification,652,,2026-05-15 08:15:35,2026-05-15 08:15:35
664,Graphic Design,graphic-design,652,,2026-05-15 08:15:35,2026-05-15 08:15:35
665,Human Computer Interaction,human-computer-interaction,652,,2026-05-15 08:15:35,2026-05-15 08:15:35
666,Human Robot Interaction,human-robot-interaction,652,,2026-05-15 08:15:35,2026-05-15 08:15:35
667,Ideation,ideation,652,,2026-05-15 08:15:35,2026-05-15 08:15:35
668,Interaction Design,interaction-design,652,,2026-05-15 08:15:35,2026-05-15 08:15:35
669,Product Design,product-design,652,,2026-05-15 08:15:35,2026-05-15 08:15:35
670,User Experience Ux,user-experience-ux,652,,2026-05-15 08:15:35,2026-05-15 08:15:35
671,Ux Design,ux-design,652,,2026-05-15 08:15:35,2026-05-15 08:15:35
672,Virtual Reality,virtual-reality,652,,2026-05-15 08:15:35,2026-05-15 08:15:35
673,Web Accessibility,web-accessibility,652,,2026-05-15 08:15:35,2026-05-15 08:15:35
674,Web Design,web-design,652,,2026-05-15 08:15:35,2026-05-15 08:15:35
675,Economics,economics,,,2026-05-15 08:15:35,2026-05-15 08:15:35
676,Banking,banking,675,,2026-05-15 08:15:35,2026-05-15 08:15:35
677,Behavioral Economics,behavioral-economics,675,,2026-05-15 08:15:35,2026-05-15 08:15:35
678,Bitcoin,bitcoin,675,,2026-05-15 08:15:35,2026-05-15 08:15:35
679,Blockchain,blockchain,675,,2026-05-15 08:15:35,2026-05-15 08:15:35
680,Business Administration,business-administration,675,,2026-05-15 08:15:35,2026-05-15 08:15:35
681,Cash Flow Analysis,cash-flow-analysis,675,,2026-05-15 08:15:35,2026-05-15 08:15:35
682,Circular Economy,circular-economy,675,,2026-05-15 08:15:35,2026-05-15 08:15:35
683,Corporate Finance,corporate-finance,675,,2026-05-15 08:15:35,2026-05-15 08:15:35
684,Cost Accounting,cost-accounting,675,,2026-05-15 08:15:35,2026-05-15 08:15:35
685,Cryptocurrency,cryptocurrency,675,,2026-05-15 08:15:35,2026-05-15 08:15:35
686,Cryptography,cryptography,675,,2026-05-15 08:15:35,2026-05-15 08:15:35
687,Econometrics,econometrics,675,,2026-05-15 08:15:35,2026-05-15 08:15:35
688,Economic Policy,economic-policy,675,,2026-05-15 08:15:35,2026-05-15 08:15:35
689,Financial Analysis,financial-analysis,675,,2026-05-15 08:15:35,2026-05-15 08:15:35
690,Financial Literacy,financial-literacy,675,,2026-05-15 08:15:35,2026-05-15 08:15:35
691,Fintech,fintech,675,,2026-05-15 08:15:35,2026-05-15 08:15:35
692,Game Theory,game-theory,675,,2026-05-15 08:15:35,2026-05-15 08:15:35
693,Globalization,globalization,675,,2026-05-15 08:15:35,2026-05-15 08:15:35
694,International Trade,international-trade,675,,2026-05-15 08:15:35,2026-05-15 08:15:35
695,Investing,investing,675,,2026-05-15 08:15:35,2026-05-15 08:15:35
696,Investment Banking,investment-banking,675,,2026-05-15 08:15:35,2026-05-15 08:15:35
697,Macroeconometric Forecasting,macroeconometric-forecasting,675,,2026-05-15 08:15:35,2026-05-15 08:15:35
698,Macroeconomics,macroeconomics,675,,2026-05-15 08:15:35,2026-05-15 08:15:35
699,Managerial Economics,managerial-economics,675,,2026-05-15 08:15:35,2026-05-15 08:15:35
700,Microeconomics,microeconomics,675,,2026-05-15 08:15:35,2026-05-15 08:15:35
701,Personal Finance,personal-finance,675,,2026-05-15 08:15:35,2026-05-15 08:15:35
702,Political Economy,political-economy,675,,2026-05-15 08:15:35,2026-05-15 08:15:35
703,Public Economics,public-economics,675,,2026-05-15 08:15:35,2026-05-15 08:15:35
704,Risk Management,risk-management,675,,2026-05-15 08:15:35,2026-05-15 08:15:35
705,Stocks,stocks,675,,2026-05-15 08:15:35,2026-05-15 08:15:35
706,Taxes,taxes,675,,2026-05-15 08:15:35,2026-05-15 08:15:35
707,Tourism Management,tourism-management,675,,2026-05-15 08:15:35,2026-05-15 08:15:35
708,Trading,trading,675,,2026-05-15 08:15:35,2026-05-15 08:15:35
709,Education,education,,,2026-05-15 08:15:35,2026-05-15 08:15:35
710,Ap,ap,709,,2026-05-15 08:15:35,2026-05-15 08:15:35
711,College Preparation,college-preparation,709,,2026-05-15 08:15:35,2026-05-15 08:15:35
712,Educational Technology,educational-technology,709,,2026-05-15 08:15:35,2026-05-15 08:15:35
713,Graduate School Preparation,graduate-school-preparation,709,,2026-05-15 08:15:35,2026-05-15 08:15:35
714,Higher Education,higher-education,709,,2026-05-15 08:15:35,2026-05-15 08:15:35
715,How To Learn,how-to-learn,709,,2026-05-15 08:15:35,2026-05-15 08:15:35
716,K12,k12,709,,2026-05-15 08:15:35,2026-05-15 08:15:35
717,Project Based Learning,project-based-learning,709,,2026-05-15 08:15:35,2026-05-15 08:15:35
718,Research,research,709,,2026-05-15 08:15:35,2026-05-15 08:15:35
719,Science,science,709,,2026-05-15 08:15:35,2026-05-15 08:15:35
720,Social Welfare,social-welfare,709,,2026-05-15 08:15:35,2026-05-15 08:15:35
721,Teacher Training,teacher-training,709,,2026-05-15 08:15:35,2026-05-15 08:15:35
722,Teaching Strategies,teaching-strategies,709,,2026-05-15 08:15:35,2026-05-15 08:15:35
723,Test Prep,test-prep,709,,2026-05-15 08:15:35,2026-05-15 08:15:35
724,Electronics,electronics,,,2026-05-15 08:15:35,2026-05-15 08:15:35
725,5G,5g,724,,2026-05-15 08:15:35,2026-05-15 08:15:35
726,Circuits,circuits,724,,2026-05-15 08:15:35,2026-05-15 08:15:35
727,Civil Engineering,civil-engineering,724,,2026-05-15 08:15:35,2026-05-15 08:15:35
728,Digital Transformation,digital-transformation,724,,2026-05-15 08:15:35,2026-05-15 08:15:35
729,Drones,drones,724,,2026-05-15 08:15:35,2026-05-15 08:15:35
730,Electrical Engineering,electrical-engineering,724,,2026-05-15 08:15:35,2026-05-15 08:15:35
731,Electricity,electricity,724,,2026-05-15 08:15:35,2026-05-15 08:15:35
732,Embedded Systems,embedded-systems,724,,2026-05-15 08:15:35,2026-05-15 08:15:35
733,Environmental Engineering,environmental-engineering,724,,2026-05-15 08:15:35,2026-05-15 08:15:35
734,Industrial Design,industrial-design,724,,2026-05-15 08:15:35,2026-05-15 08:15:35
735,Iot Internet Of Things,iot-internet-of-things,724,,2026-05-15 08:15:35,2026-05-15 08:15:35
736,Manufacturing,manufacturing,724,,2026-05-15 08:15:35,2026-05-15 08:15:35
737,Materials Science,materials-science,724,,2026-05-15 08:15:35,2026-05-15 08:15:35
738,Mechanical Engineering,mechanical-engineering,724,,2026-05-15 08:15:35,2026-05-15 08:15:35
739,Microcontrollers,microcontrollers,724,,2026-05-15 08:15:35,2026-05-15 08:15:35
740,Nanotechnology,nanotechnology,724,,2026-05-15 08:15:35,2026-05-15 08:15:35
741,Quantum Detection,quantum-detection,724,,2026-05-15 08:15:35,2026-05-15 08:15:35
742,Semiconductors,semiconductors,724,,2026-05-15 08:15:35,2026-05-15 08:15:35
743,Structural Engineering,structural-engineering,724,,2026-05-15 08:15:35,2026-05-15 08:15:35
744,Technology,technology,724,,2026-05-15 08:15:35,2026-05-15 08:15:35
745,Thermodynamics,thermodynamics,724,,2026-05-15 08:15:35,2026-05-15 08:15:35
746,Urban Planning,urban-planning,724,,2026-05-15 08:15:35,2026-05-15 08:15:35
747,Engineering,engineering,,,2026-05-15 08:15:35,2026-05-15 08:15:35
748,Aeronautical Engineering,aeronautical-engineering,747,,2026-05-15 08:15:35,2026-05-15 08:15:35
749,Aerospace Engineering,aerospace-engineering,747,,2026-05-15 08:15:35,2026-05-15 08:15:35
750,Audio Engineering,audio-engineering,747,,2026-05-15 08:15:35,2026-05-15 08:15:35
751,Augmented Reality,augmented-reality,747,,2026-05-15 08:15:35,2026-05-15 08:15:35
752,Automation,automation,747,,2026-05-15 08:15:35,2026-05-15 08:15:35
753,Autonomous Robotics,autonomous-robotics,747,,2026-05-15 08:15:35,2026-05-15 08:15:35
754,Biomedical Engineering,biomedical-engineering,747,,2026-05-15 08:15:35,2026-05-15 08:15:35
755,Chemical Engineering,chemical-engineering,747,,2026-05-15 08:15:35,2026-05-15 08:15:35
756,Civil Engineering,civil-engineering,747,,2026-05-15 08:15:35,2026-05-15 08:15:35
757,Computer Architecture,computer-architecture,747,,2026-05-15 08:15:35,2026-05-15 08:15:35
758,Computer Engineering,computer-engineering,747,,2026-05-15 08:15:35,2026-05-15 08:15:35
759,Computer Hardware,computer-hardware,747,,2026-05-15 08:15:35,2026-05-15 08:15:35
760,Computer Networking,computer-networking,747,,2026-05-15 08:15:35,2026-05-15 08:15:35
761,Computer Programming,computer-programming,747,,2026-05-15 08:15:35,2026-05-15 08:15:35
762,Computer Science,computer-science,747,,2026-05-15 08:15:35,2026-05-15 08:15:35
763,Construction,construction,747,,2026-05-15 08:15:35,2026-05-15 08:15:35
764,Electrical Engineering,electrical-engineering,747,,2026-05-15 08:15:35,2026-05-15 08:15:35
765,Environmental Engineering,environmental-engineering,747,,2026-05-15 08:15:35,2026-05-15 08:15:35
766,Fluid Mechanics,fluid-mechanics,747,,2026-05-15 08:15:35,2026-05-15 08:15:35
767,Genetic Engineering,genetic-engineering,747,,2026-05-15 08:15:35,2026-05-15 08:15:35
768,Hyperloop,hyperloop,747,,2026-05-15 08:15:35,2026-05-15 08:15:35
769,Industrial Engineering,industrial-engineering,747,,2026-05-15 08:15:35,2026-05-15 08:15:35
770,Information Engineering,information-engineering,747,,2026-05-15 08:15:35,2026-05-15 08:15:35
771,Infrastructure,infrastructure,747,,2026-05-15 08:15:35,2026-05-15 08:15:35
772,Logistics,logistics,747,,2026-05-15 08:15:35,2026-05-15 08:15:35
773,Math,math,747,,2026-05-15 08:15:35,2026-05-15 08:15:35
774,Mathematical Modeling,mathematical-modeling,747,,2026-05-15 08:15:35,2026-05-15 08:15:35
775,Matlab,matlab,747,,2026-05-15 08:15:35,2026-05-15 08:15:35
776,Mechanical Engineering,mechanical-engineering,747,,2026-05-15 08:15:35,2026-05-15 08:15:35
777,Netlist,netlist,747,,2026-05-15 08:15:35,2026-05-15 08:15:35
778,Physics,physics,747,,2026-05-15 08:15:35,2026-05-15 08:15:35
779,Quality Control,quality-control,747,,2026-05-15 08:15:35,2026-05-15 08:15:35
780,Railway Engineering,railway-engineering,747,,2026-05-15 08:15:35,2026-05-15 08:15:35
781,Robotic Process Automation,robotic-process-automation,747,,2026-05-15 08:15:35,2026-05-15 08:15:35
782,Robotics,robotics,747,,2026-05-15 08:15:35,2026-05-15 08:15:35
783,Six Sigma,six-sigma,747,,2026-05-15 08:15:35,2026-05-15 08:15:35
784,Software Engineering,software-engineering,747,,2026-05-15 08:15:35,2026-05-15 08:15:35
785,Structural Engineering,structural-engineering,747,,2026-05-15 08:15:35,2026-05-15 08:15:35
786,Supply Chain Design,supply-chain-design,747,,2026-05-15 08:15:35,2026-05-15 08:15:35
787,Transportation,transportation,747,,2026-05-15 08:15:35,2026-05-15 08:15:35
788,Environmental Science,environmental-science,,,2026-05-15 08:15:35,2026-05-15 08:15:35
789,Activism And Advocacy,activism-and-advocacy,788,,2026-05-15 08:15:35,2026-05-15 08:15:35
790,Agribusiness,agribusiness,788,,2026-05-15 08:15:35,2026-05-15 08:15:35
791,Agriculture,agriculture,788,,2026-05-15 08:15:35,2026-05-15 08:15:35
792,Astronomy,astronomy,788,,2026-05-15 08:15:35,2026-05-15 08:15:35
793,Biomedical Sciences,biomedical-sciences,788,,2026-05-15 08:15:35,2026-05-15 08:15:35
794,Biorefinery,biorefinery,788,,2026-05-15 08:15:35,2026-05-15 08:15:35
795,Cartography,cartography,788,,2026-05-15 08:15:35,2026-05-15 08:15:35
796,Chemistry,chemistry,788,,2026-05-15 08:15:35,2026-05-15 08:15:35
797,Climate Change,climate-change,788,,2026-05-15 08:15:35,2026-05-15 08:15:35
798,Dinosaurs,dinosaurs,788,,2026-05-15 08:15:35,2026-05-15 08:15:35
799,Earth Sciences,earth-sciences,788,,2026-05-15 08:15:35,2026-05-15 08:15:35
800,Ecosystems,ecosystems,788,,2026-05-15 08:15:35,2026-05-15 08:15:35
801,Energy,energy,788,,2026-05-15 08:15:35,2026-05-15 08:15:35
802,Energy Transition,energy-transition,788,,2026-05-15 08:15:35,2026-05-15 08:15:35
803,Environmental Engineering,environmental-engineering,788,,2026-05-15 08:15:35,2026-05-15 08:15:35
804,Geology,geology,788,,2026-05-15 08:15:35,2026-05-15 08:15:35
805,Geophysics,geophysics,788,,2026-05-15 08:15:35,2026-05-15 08:15:35
806,Geosciences,geosciences,788,,2026-05-15 08:15:35,2026-05-15 08:15:35
807,Gis Geographic Information Systems,gis-geographic-information-systems,788,,2026-05-15 08:15:35,2026-05-15 08:15:35
808,Global Warming,global-warming,788,,2026-05-15 08:15:35,2026-05-15 08:15:35
809,Mining,mining,788,,2026-05-15 08:15:35,2026-05-15 08:15:35
810,Nature,nature,788,,2026-05-15 08:15:35,2026-05-15 08:15:35
811,Oceanography,oceanography,788,,2026-05-15 08:15:35,2026-05-15 08:15:35
812,Oil,oil,788,,2026-05-15 08:15:35,2026-05-15 08:15:35
813,Organic Chemistry,organic-chemistry,788,,2026-05-15 08:15:35,2026-05-15 08:15:35
814,Physics,physics,788,,2026-05-15 08:15:35,2026-05-15 08:15:35
815,Pollution,pollution,788,,2026-05-15 08:15:35,2026-05-15 08:15:35
816,Renewable Energy,renewable-energy,788,,2026-05-15 08:15:35,2026-05-15 08:15:35
817,Salmon,salmon,788,,2026-05-15 08:15:35,2026-05-15 08:15:35
818,Solar Energy,solar-energy,788,,2026-05-15 08:15:35,2026-05-15 08:15:35
819,Spectroscopy,spectroscopy,788,,2026-05-15 08:15:35,2026-05-15 08:15:35
820,Sustainability,sustainability,788,,2026-05-15 08:15:35,2026-05-15 08:15:35
821,Sustainable Development,sustainable-development,788,,2026-05-15 08:15:35,2026-05-15 08:15:35
822,Volcanoes,volcanoes,788,,2026-05-15 08:15:35,2026-05-15 08:15:35
823,Waste Management,waste-management,788,,2026-05-15 08:15:35,2026-05-15 08:15:35
824,Water,water,788,,2026-05-15 08:15:35,2026-05-15 08:15:35
825,Healthcare,healthcare,,,2026-05-15 08:15:35,2026-05-15 08:15:35
826,Anatomy,anatomy,825,,2026-05-15 08:15:35,2026-05-15 08:15:35
827,Anti Vaccination,anti-vaccination,825,,2026-05-15 08:15:35,2026-05-15 08:15:35
828,Coaching,coaching,825,,2026-05-15 08:15:35,2026-05-15 08:15:35
829,Continuing Medical Education,continuing-medical-education,825,,2026-05-15 08:15:35,2026-05-15 08:15:35
830,Coronavirus,coronavirus,825,,2026-05-15 08:15:35,2026-05-15 08:15:35
831,Crisis Resource Management,crisis-resource-management,825,,2026-05-15 08:15:35,2026-05-15 08:15:35
832,Ebola,ebola,825,,2026-05-15 08:15:35,2026-05-15 08:15:35
833,Epidemiology,epidemiology,825,,2026-05-15 08:15:35,2026-05-15 08:15:35
834,Health Informatics,health-informatics,825,,2026-05-15 08:15:35,2026-05-15 08:15:35
835,Healthcare,healthcare,825,,2026-05-15 08:15:35,2026-05-15 08:15:35
836,Healthcare Administration,healthcare-administration,825,,2026-05-15 08:15:35,2026-05-15 08:15:35
837,Human Psychology,human-psychology,825,,2026-05-15 08:15:35,2026-05-15 08:15:35
838,Life Skills,life-skills,825,,2026-05-15 08:15:35,2026-05-15 08:15:35
839,Mental Health,mental-health,825,,2026-05-15 08:15:35,2026-05-15 08:15:35
840,Mindfulness,mindfulness,825,,2026-05-15 08:15:35,2026-05-15 08:15:35
841,Molecular Biology,molecular-biology,825,,2026-05-15 08:15:35,2026-05-15 08:15:35
842,Nursing,nursing,825,,2026-05-15 08:15:35,2026-05-15 08:15:35
843,Opioid Crisis,opioid-crisis,825,,2026-05-15 08:15:35,2026-05-15 08:15:35
844,Personal Development,personal-development,825,,2026-05-15 08:15:35,2026-05-15 08:15:35
845,Public Health,public-health,825,,2026-05-15 08:15:35,2026-05-15 08:15:35
846,Reproduction,reproduction,825,,2026-05-15 08:15:35,2026-05-15 08:15:35
847,Self Care,self-care,825,,2026-05-15 08:15:35,2026-05-15 08:15:35
848,Self Improvement,self-improvement,825,,2026-05-15 08:15:35,2026-05-15 08:15:35
849,Social Psychology,social-psychology,825,,2026-05-15 08:15:35,2026-05-15 08:15:35
850,Social Work,social-work,825,,2026-05-15 08:15:35,2026-05-15 08:15:35
851,Time Management,time-management,825,,2026-05-15 08:15:35,2026-05-15 08:15:35
852,Vaccines,vaccines,825,,2026-05-15 08:15:35,2026-05-15 08:15:35
853,Well Being,well-being,825,,2026-05-15 08:15:35,2026-05-15 08:15:35
854,History,history,,,2026-05-15 08:15:35,2026-05-15 08:15:35
855,Africa,africa,854,,2026-05-15 08:15:35,2026-05-15 08:15:35
856,American Studies,american-studies,854,,2026-05-15 08:15:35,2026-05-15 08:15:35
857,Ancient Egypt,ancient-egypt,854,,2026-05-15 08:15:35,2026-05-15 08:15:35
858,Architectural Restoration,architectural-restoration,854,,2026-05-15 08:15:35,2026-05-15 08:15:35
859,Architecture History,architecture-history,854,,2026-05-15 08:15:35,2026-05-15 08:15:35
860,Area Studies,area-studies,854,,2026-05-15 08:15:35,2026-05-15 08:15:35
861,Art History,art-history,854,,2026-05-15 08:15:35,2026-05-15 08:15:35
862,Asia,asia,854,,2026-05-15 08:15:35,2026-05-15 08:15:35
863,Chinese History,chinese-history,854,,2026-05-15 08:15:35,2026-05-15 08:15:35
864,Civil War,civil-war,854,,2026-05-15 08:15:35,2026-05-15 08:15:35
865,Communist China,communist-china,854,,2026-05-15 08:15:35,2026-05-15 08:15:35
866,Egyptian History,egyptian-history,854,,2026-05-15 08:15:35,2026-05-15 08:15:35
867,Europe,europe,854,,2026-05-15 08:15:35,2026-05-15 08:15:35
868,Humanities,humanities,854,,2026-05-15 08:15:35,2026-05-15 08:15:35
869,Imperial China,imperial-china,854,,2026-05-15 08:15:35,2026-05-15 08:15:35
870,Japanese History,japanese-history,854,,2026-05-15 08:15:35,2026-05-15 08:15:35
871,Latin America,latin-america,854,,2026-05-15 08:15:35,2026-05-15 08:15:35
872,Middle East,middle-east,854,,2026-05-15 08:15:35,2026-05-15 08:15:35
873,Mythology,mythology,854,,2026-05-15 08:15:35,2026-05-15 08:15:35
874,Philosophy,philosophy,854,,2026-05-15 08:15:35,2026-05-15 08:15:35
875,Social Science,social-science,854,,2026-05-15 08:15:35,2026-05-15 08:15:35
876,Theology,theology,854,,2026-05-15 08:15:35,2026-05-15 08:15:35
877,Us History,us-history,854,,2026-05-15 08:15:35,2026-05-15 08:15:35
878,Vernacular Architecture,vernacular-architecture,854,,2026-05-15 08:15:35,2026-05-15 08:15:35
879,World History,world-history,854,,2026-05-15 08:15:35,2026-05-15 08:15:35
880,Humanities,humanities,,,2026-05-15 08:15:35,2026-05-15 08:15:35
881,Africa,africa,880,,2026-05-15 08:15:35,2026-05-15 08:15:35
882,Anthropology,anthropology,880,,2026-05-15 08:15:35,2026-05-15 08:15:35
883,Art,art,880,,2026-05-15 08:15:35,2026-05-15 08:15:35
884,Arts Humanities,arts-humanities,880,,2026-05-15 08:15:35,2026-05-15 08:15:35
885,Asia,asia,880,,2026-05-15 08:15:35,2026-05-15 08:15:35
886,Business Communications,business-communications,880,,2026-05-15 08:15:35,2026-05-15 08:15:35
887,Chinese History,chinese-history,880,,2026-05-15 08:15:35,2026-05-15 08:15:35
888,Christianity,christianity,880,,2026-05-15 08:15:35,2026-05-15 08:15:35
889,Comparative Politics,comparative-politics,880,,2026-05-15 08:15:35,2026-05-15 08:15:35
890,Conflict Resolution,conflict-resolution,880,,2026-05-15 08:15:35,2026-05-15 08:15:35
891,Europe,europe,880,,2026-05-15 08:15:35,2026-05-15 08:15:35
892,Geography,geography,880,,2026-05-15 08:15:35,2026-05-15 08:15:35
893,Global Studies,global-studies,880,,2026-05-15 08:15:35,2026-05-15 08:15:35
894,Hinduism,hinduism,880,,2026-05-15 08:15:35,2026-05-15 08:15:35
895,History,history,880,,2026-05-15 08:15:35,2026-05-15 08:15:35
896,International Relations,international-relations,880,,2026-05-15 08:15:35,2026-05-15 08:15:35
897,Islam,islam,880,,2026-05-15 08:15:35,2026-05-15 08:15:35
898,Judaism,judaism,880,,2026-05-15 08:15:35,2026-05-15 08:15:35
899,Latin,latin,880,,2026-05-15 08:15:35,2026-05-15 08:15:35
900,Literature,literature,880,,2026-05-15 08:15:35,2026-05-15 08:15:35
901,Middle East,middle-east,880,,2026-05-15 08:15:35,2026-05-15 08:15:35
902,Mythology,mythology,880,,2026-05-15 08:15:35,2026-05-15 08:15:35
903,Philosophy,philosophy,880,,2026-05-15 08:15:35,2026-05-15 08:15:35
904,Sikhism,sikhism,880,,2026-05-15 08:15:35,2026-05-15 08:15:35
905,Spirituality,spirituality,880,,2026-05-15 08:15:35,2026-05-15 08:15:35
906,War And Conflict,war-and-conflict,880,,2026-05-15 08:15:35,2026-05-15 08:15:35
907,Western Civilization,western-civilization,880,,2026-05-15 08:15:35,2026-05-15 08:15:35
908,Writing,writing,880,,2026-05-15 08:15:35,2026-05-15 08:15:35
909,Language,language,,,2026-05-15 08:15:35,2026-05-15 08:15:35
910,Chinese,chinese,909,,2026-05-15 08:15:35,2026-05-15 08:15:35
911,Chinese History,chinese-history,909,,2026-05-15 08:15:35,2026-05-15 08:15:35
912,Composition,composition,909,,2026-05-15 08:15:35,2026-05-15 08:15:35
913,Esl English As A Second Language,esl-english-as-a-second-language,909,,2026-05-15 08:15:35,2026-05-15 08:15:35
914,French,french,909,,2026-05-15 08:15:35,2026-05-15 08:15:35
915,German,german,909,,2026-05-15 08:15:35,2026-05-15 08:15:35
916,Grammar,grammar,909,,2026-05-15 08:15:35,2026-05-15 08:15:35
917,Italian,italian,909,,2026-05-15 08:15:35,2026-05-15 08:15:35
918,Italian Opera,italian-opera,909,,2026-05-15 08:15:35,2026-05-15 08:15:35
919,Japanese,japanese,909,,2026-05-15 08:15:35,2026-05-15 08:15:35
920,Latin,latin,909,,2026-05-15 08:15:35,2026-05-15 08:15:35
921,Linguistics,linguistics,909,,2026-05-15 08:15:35,2026-05-15 08:15:35
922,Mandarin,mandarin,909,,2026-05-15 08:15:35,2026-05-15 08:15:35
923,Noongar,noongar,909,,2026-05-15 08:15:35,2026-05-15 08:15:35
924,Portuguese,portuguese,909,,2026-05-15 08:15:35,2026-05-15 08:15:35
925,Rhetoric,rhetoric,909,,2026-05-15 08:15:35,2026-05-15 08:15:35
926,Russian,russian,909,,2026-05-15 08:15:35,2026-05-15 08:15:35
927,Sign Language,sign-language,909,,2026-05-15 08:15:35,2026-05-15 08:15:35
928,Writing,writing,909,,2026-05-15 08:15:35,2026-05-15 08:15:35
929,Law,law,,,2026-05-15 08:15:35,2026-05-15 08:15:35
930,Business Law,business-law,929,,2026-05-15 08:15:35,2026-05-15 08:15:35
931,Childrens Rights,childrens-rights,929,,2026-05-15 08:15:35,2026-05-15 08:15:35
932,Civil Liberties,civil-liberties,929,,2026-05-15 08:15:35,2026-05-15 08:15:35
933,Contracts,contracts,929,,2026-05-15 08:15:35,2026-05-15 08:15:35
934,Criminal Law,criminal-law,929,,2026-05-15 08:15:35,2026-05-15 08:15:35
935,Criminology,criminology,929,,2026-05-15 08:15:35,2026-05-15 08:15:35
936,Current Events,current-events,929,,2026-05-15 08:15:35,2026-05-15 08:15:35
937,Elections,elections,929,,2026-05-15 08:15:35,2026-05-15 08:15:35
938,Gender Equity,gender-equity,929,,2026-05-15 08:15:35,2026-05-15 08:15:35
939,Inequality,inequality,929,,2026-05-15 08:15:35,2026-05-15 08:15:35
940,Insurance,insurance,929,,2026-05-15 08:15:35,2026-05-15 08:15:35
941,Intellectual Property,intellectual-property,929,,2026-05-15 08:15:35,2026-05-15 08:15:35
942,International Development,international-development,929,,2026-05-15 08:15:35,2026-05-15 08:15:35
943,International Law,international-law,929,,2026-05-15 08:15:35,2026-05-15 08:15:35
944,Justice,justice,929,,2026-05-15 08:15:35,2026-05-15 08:15:35
945,Law,law,929,,2026-05-15 08:15:35,2026-05-15 08:15:35
946,Media Law,media-law,929,,2026-05-15 08:15:35,2026-05-15 08:15:35
947,Political Debate,political-debate,929,,2026-05-15 08:15:35,2026-05-15 08:15:35
948,Political Science,political-science,929,,2026-05-15 08:15:35,2026-05-15 08:15:35
949,Race And Racism,race-and-racism,929,,2026-05-15 08:15:35,2026-05-15 08:15:35
950,Literature,literature,,,2026-05-15 08:15:35,2026-05-15 08:15:35
951,Archaeology,archaeology,950,,2026-05-15 08:15:35,2026-05-15 08:15:35
952,Area Studies,area-studies,950,,2026-05-15 08:15:35,2026-05-15 08:15:35
953,Art,art,950,,2026-05-15 08:15:35,2026-05-15 08:15:35
954,Bible,bible,950,,2026-05-15 08:15:35,2026-05-15 08:15:35
955,Buddhism,buddhism,950,,2026-05-15 08:15:35,2026-05-15 08:15:35
956,Creative Writing,creative-writing,950,,2026-05-15 08:15:35,2026-05-15 08:15:35
957,Culture,culture,950,,2026-05-15 08:15:35,2026-05-15 08:15:35
958,Ethics,ethics,950,,2026-05-15 08:15:35,2026-05-15 08:15:35
959,Film,film,950,,2026-05-15 08:15:35,2026-05-15 08:15:35
960,Greek Heroes,greek-heroes,950,,2026-05-15 08:15:35,2026-05-15 08:15:35
961,History,history,950,,2026-05-15 08:15:35,2026-05-15 08:15:35
962,Humanities,humanities,950,,2026-05-15 08:15:35,2026-05-15 08:15:35
963,Italian Opera,italian-opera,950,,2026-05-15 08:15:35,2026-05-15 08:15:35
964,Linguistics,linguistics,950,,2026-05-15 08:15:35,2026-05-15 08:15:35
965,Music Arts,music-arts,950,,2026-05-15 08:15:35,2026-05-15 08:15:35
966,Music Theory,music-theory,950,,2026-05-15 08:15:35,2026-05-15 08:15:35
967,Mythology,mythology,950,,2026-05-15 08:15:35,2026-05-15 08:15:35
968,Novels,novels,950,,2026-05-15 08:15:35,2026-05-15 08:15:35
969,Philosophy,philosophy,950,,2026-05-15 08:15:35,2026-05-15 08:15:35
970,Poetry,poetry,950,,2026-05-15 08:15:35,2026-05-15 08:15:35
971,Religion,religion,950,,2026-05-15 08:15:35,2026-05-15 08:15:35
972,Rhetoric,rhetoric,950,,2026-05-15 08:15:35,2026-05-15 08:15:35
973,Screenplays,screenplays,950,,2026-05-15 08:15:35,2026-05-15 08:15:35
974,Storytelling,storytelling,950,,2026-05-15 08:15:35,2026-05-15 08:15:35
975,Writing,writing,950,,2026-05-15 08:15:35,2026-05-15 08:15:35
976,Math,math,,,2026-05-15 08:15:35,2026-05-15 08:15:35
977,Algebra,algebra,976,,2026-05-15 08:15:35,2026-05-15 08:15:35
978,Calculus,calculus,976,,2026-05-15 08:15:35,2026-05-15 08:15:35
979,Differential Equations,differential-equations,976,,2026-05-15 08:15:35,2026-05-15 08:15:35
980,Discrete Mathematics,discrete-mathematics,976,,2026-05-15 08:15:35,2026-05-15 08:15:35
981,Engineering,engineering,976,,2026-05-15 08:15:35,2026-05-15 08:15:35
982,Excel Formulas,excel-formulas,976,,2026-05-15 08:15:35,2026-05-15 08:15:35
983,Geometry,geometry,976,,2026-05-15 08:15:35,2026-05-15 08:15:35
984,Linear Algebra,linear-algebra,976,,2026-05-15 08:15:35,2026-05-15 08:15:35
985,Linguistics,linguistics,976,,2026-05-15 08:15:35,2026-05-15 08:15:35
986,Logic,logic,976,,2026-05-15 08:15:35,2026-05-15 08:15:35
987,Mathematical Modeling,mathematical-modeling,976,,2026-05-15 08:15:35,2026-05-15 08:15:35
988,Matrix Math,matrix-math,976,,2026-05-15 08:15:35,2026-05-15 08:15:35
989,Philosophy,philosophy,976,,2026-05-15 08:15:35,2026-05-15 08:15:35
990,Pre Algebra,pre-algebra,976,,2026-05-15 08:15:35,2026-05-15 08:15:35
991,Pre Calculus,pre-calculus,976,,2026-05-15 08:15:35,2026-05-15 08:15:35
992,Probability,probability,976,,2026-05-15 08:15:35,2026-05-15 08:15:35
993,Statistics,statistics,976,,2026-05-15 08:15:35,2026-05-15 08:15:35
994,Medicine,medicine,,,2026-05-15 08:15:35,2026-05-15 08:15:35
995,Anatomy,anatomy,994,,2026-05-15 08:15:35,2026-05-15 08:15:35
996,Behavioral Science,behavioral-science,994,,2026-05-15 08:15:35,2026-05-15 08:15:35
997,Biomedical Engineering,biomedical-engineering,994,,2026-05-15 08:15:35,2026-05-15 08:15:35
998,Biomedical Imaging,biomedical-imaging,994,,2026-05-15 08:15:35,2026-05-15 08:15:35
999,Biomedical Sciences,biomedical-sciences,994,,2026-05-15 08:15:35,2026-05-15 08:15:35
1000,Cannabis,cannabis,994,,2026-05-15 08:15:35,2026-05-15 08:15:35
1001,Cellular Biology,cellular-biology,994,,2026-05-15 08:15:35,2026-05-15 08:15:35
1002,Coronavirus,coronavirus,994,,2026-05-15 08:15:35,2026-05-15 08:15:35
1003,Dentistry,dentistry,994,,2026-05-15 08:15:35,2026-05-15 08:15:35
1004,Diabetes,diabetes,994,,2026-05-15 08:15:35,2026-05-15 08:15:35
1005,Dna,dna,994,,2026-05-15 08:15:35,2026-05-15 08:15:35
1006,Epidemics,epidemics,994,,2026-05-15 08:15:35,2026-05-15 08:15:35
1007,Genetics,genetics,994,,2026-05-15 08:15:35,2026-05-15 08:15:35
1008,Health Informatics,health-informatics,994,,2026-05-15 08:15:35,2026-05-15 08:15:35
1009,Human Behavior,human-behavior,994,,2026-05-15 08:15:35,2026-05-15 08:15:35
1010,Human Biology,human-biology,994,,2026-05-15 08:15:35,2026-05-15 08:15:35
1011,Microbiology,microbiology,994,,2026-05-15 08:15:35,2026-05-15 08:15:35
1012,Microscopy,microscopy,994,,2026-05-15 08:15:35,2026-05-15 08:15:35
1013,Nervous System,nervous-system,994,,2026-05-15 08:15:35,2026-05-15 08:15:35
1014,Nursing,nursing,994,,2026-05-15 08:15:35,2026-05-15 08:15:35
1015,Nutrition,nutrition,994,,2026-05-15 08:15:35,2026-05-15 08:15:35
1016,Public Health,public-health,994,,2026-05-15 08:15:35,2026-05-15 08:15:35
1017,Surgery,surgery,994,,2026-05-15 08:15:35,2026-05-15 08:15:35
1018,Viruses,viruses,994,,2026-05-15 08:15:35,2026-05-15 08:15:35
1019,Nutrition,nutrition,,,2026-05-15 08:15:35,2026-05-15 08:15:35
1020,Beer,beer,1019,,2026-05-15 08:15:35,2026-05-15 08:15:35
1021,Cellular Biology,cellular-biology,1019,,2026-05-15 08:15:35,2026-05-15 08:15:35
1022,Continuing Medical Education,continuing-medical-education,1019,,2026-05-15 08:15:35,2026-05-15 08:15:35
1023,Cooking,cooking,1019,,2026-05-15 08:15:35,2026-05-15 08:15:35
1024,Diabetes,diabetes,1019,,2026-05-15 08:15:35,2026-05-15 08:15:35
1025,Disease,disease,1019,,2026-05-15 08:15:35,2026-05-15 08:15:35
1026,Dna,dna,1019,,2026-05-15 08:15:35,2026-05-15 08:15:35
1027,Drugs,drugs,1019,,2026-05-15 08:15:35,2026-05-15 08:15:35
1028,Food Safety,food-safety,1019,,2026-05-15 08:15:35,2026-05-15 08:15:35
1029,Food Science,food-science,1019,,2026-05-15 08:15:35,2026-05-15 08:15:35
1030,Medicine,medicine,1019,,2026-05-15 08:15:35,2026-05-15 08:15:35
1031,Opioid Crisis,opioid-crisis,1019,,2026-05-15 08:15:35,2026-05-15 08:15:35
1032,Parenting,parenting,1019,,2026-05-15 08:15:35,2026-05-15 08:15:35
1033,Safety,safety,1019,,2026-05-15 08:15:35,2026-05-15 08:15:35
1034,Wine,wine,1019,,2026-05-15 08:15:35,2026-05-15 08:15:35
1035,Physics,physics,,,2026-05-15 08:15:35,2026-05-15 08:15:35
1036,Architecture,architecture,1035,,2026-05-15 08:15:35,2026-05-15 08:15:35
1037,Astrophysics,astrophysics,1035,,2026-05-15 08:15:35,2026-05-15 08:15:35
1038,Dynamics,dynamics,1035,,2026-05-15 08:15:35,2026-05-15 08:15:35
1039,Earth Sciences,earth-sciences,1035,,2026-05-15 08:15:35,2026-05-15 08:15:35
1040,Global Warming,global-warming,1035,,2026-05-15 08:15:35,2026-05-15 08:15:35
1041,Magnetism,magnetism,1035,,2026-05-15 08:15:35,2026-05-15 08:15:35
1042,Mathematical Modeling,mathematical-modeling,1035,,2026-05-15 08:15:35,2026-05-15 08:15:35
1043,Mechanics,mechanics,1035,,2026-05-15 08:15:35,2026-05-15 08:15:35
1044,Natural Sciences,natural-sciences,1035,,2026-05-15 08:15:35,2026-05-15 08:15:35
1045,Nature,nature,1035,,2026-05-15 08:15:35,2026-05-15 08:15:35
1046,Nuclear Physics,nuclear-physics,1035,,2026-05-15 08:15:35,2026-05-15 08:15:35
1047,Oceanography,oceanography,1035,,2026-05-15 08:15:35,2026-05-15 08:15:35
1048,Optics,optics,1035,,2026-05-15 08:15:35,2026-05-15 08:15:35
1049,Physical Chemistry,physical-chemistry,1035,,2026-05-15 08:15:35,2026-05-15 08:15:35
1050,Planets,planets,1035,,2026-05-15 08:15:35,2026-05-15 08:15:35
1051,Quantum Computing,quantum-computing,1035,,2026-05-15 08:15:35,2026-05-15 08:15:35
1052,Quantum Detection,quantum-detection,1035,,2026-05-15 08:15:35,2026-05-15 08:15:35
1053,Renewable Energy,renewable-energy,1035,,2026-05-15 08:15:35,2026-05-15 08:15:35
1054,Spectroscopy,spectroscopy,1035,,2026-05-15 08:15:35,2026-05-15 08:15:35
1055,Science,science,,,2026-05-15 08:15:35,2026-05-15 08:15:35
1056,Biology,biology,1055,,2026-05-15 08:15:35,2026-05-15 08:15:35
1057,Chemistry,chemistry,1055,,2026-05-15 08:15:35,2026-05-15 08:15:35
1058,Cognitive Science,cognitive-science,1055,,2026-05-15 08:15:35,2026-05-15 08:15:35
1059,Environmental Science,environmental-science,1055,,2026-05-15 08:15:35,2026-05-15 08:15:35
1060,Natural Sciences,natural-sciences,1055,,2026-05-15 08:15:35,2026-05-15 08:15:35
1061,Nuclear Physics,nuclear-physics,1055,,2026-05-15 08:15:35,2026-05-15 08:15:35
1062,Oceanography,oceanography,1055,,2026-05-15 08:15:35,2026-05-15 08:15:35
1063,Organic Chemistry,organic-chemistry,1055,,2026-05-15 08:15:35,2026-05-15 08:15:35
1064,Renewable Energy,renewable-energy,1055,,2026-05-15 08:15:35,2026-05-15 08:15:35
1065,Solar Energy,solar-energy,1055,,2026-05-15 08:15:35,2026-05-15 08:15:35
1066,Space,space,1055,,2026-05-15 08:15:35,2026-05-15 08:15:35
1067,Social Science,social-science,,,2026-05-15 08:15:35,2026-05-15 08:15:35
1068,Abnormal Psychology,abnormal-psychology,1067,,2026-05-15 08:15:35,2026-05-15 08:15:35
1069,Area Studies,area-studies,1067,,2026-05-15 08:15:35,2026-05-15 08:15:35
1070,Behavioral Psychology,behavioral-psychology,1067,,2026-05-15 08:15:35,2026-05-15 08:15:35
1071,Capitalism,capitalism,1067,,2026-05-15 08:15:35,2026-05-15 08:15:35
1072,Child Development,child-development,1067,,2026-05-15 08:15:35,2026-05-15 08:15:35
1073,Counterterrorism,counterterrorism,1067,,2026-05-15 08:15:35,2026-05-15 08:15:35
1074,Current Events,current-events,1067,,2026-05-15 08:15:35,2026-05-15 08:15:35
1075,Democracy,democracy,1067,,2026-05-15 08:15:35,2026-05-15 08:15:35
1076,Education,education,1067,,2026-05-15 08:15:35,2026-05-15 08:15:35
1077,Foreign Policy,foreign-policy,1067,,2026-05-15 08:15:35,2026-05-15 08:15:35
1078,Gender Studies,gender-studies,1067,,2026-05-15 08:15:35,2026-05-15 08:15:35
1079,Government,government,1067,,2026-05-15 08:15:35,2026-05-15 08:15:35
1080,Happiness,happiness,1067,,2026-05-15 08:15:35,2026-05-15 08:15:35
1081,Human Psychology,human-psychology,1067,,2026-05-15 08:15:35,2026-05-15 08:15:35
1082,Human Rights,human-rights,1067,,2026-05-15 08:15:35,2026-05-15 08:15:35
1083,Humanitarianism,humanitarianism,1067,,2026-05-15 08:15:35,2026-05-15 08:15:35
1084,Immigration,immigration,1067,,2026-05-15 08:15:35,2026-05-15 08:15:35
1085,Inequality,inequality,1067,,2026-05-15 08:15:35,2026-05-15 08:15:35
1086,Media,media,1067,,2026-05-15 08:15:35,2026-05-15 08:15:35
1087,Political Debate,political-debate,1067,,2026-05-15 08:15:35,2026-05-15 08:15:35
1088,Political Economy,political-economy,1067,,2026-05-15 08:15:35,2026-05-15 08:15:35
1089,Political Science,political-science,1067,,2026-05-15 08:15:35,2026-05-15 08:15:35
1090,Politics,politics,1067,,2026-05-15 08:15:35,2026-05-15 08:15:35
1091,Popular Culture,popular-culture,1067,,2026-05-15 08:15:35,2026-05-15 08:15:35
1092,Psychology,psychology,1067,,2026-05-15 08:15:35,2026-05-15 08:15:35
1093,Public Policy,public-policy,1067,,2026-05-15 08:15:35,2026-05-15 08:15:35
1094,Race And Racism,race-and-racism,1067,,2026-05-15 08:15:35,2026-05-15 08:15:35
1095,Social Justice,social-justice,1067,,2026-05-15 08:15:35,2026-05-15 08:15:35
1096,Sociology,sociology,1067,,2026-05-15 08:15:35,2026-05-15 08:15:35
1097,Womens Rights,womens-rights,1067,,2026-05-15 08:15:35,2026-05-15 08:15:35
