id,name,slug,logo_url,website_url,description,is_verified,created_at,updated_at
1,Adelaide University,adelaide-university,https://www.edx.org/_next/image?url=https%3A%2F%2Fprod-discovery.edx-cdn.org%2Forganization%2Flogos%2Ff5d1ff66-002f-43fa-9d76-1b191d4a3272-80ec5bc112a7.png&w=640&q=75,,,0,2026-05-15 08:55:13,2026-05-15 08:55:13
2,AfghanX,afghanx,https://www.edx.org/_next/image?url=https%3A%2F%2Fprod-discovery.edx-cdn.org%2Forganization%2Flogos%2F0e2e7ed5-6555-4212-8c31-5a114e690b64-11a283c52a8e.png&w=640&q=75,,,0,2026-05-15 08:55:13,2026-05-15 08:55:13
3,African Development Bank,african-development-bank,https://www.edx.org/_next/image?url=https%3A%2F%2Fprod-discovery.edx-cdn.org%2Forganization%2Fbanner_images%2F12068785-2a0b-40ec-a791-b8ede840a41b-de68ce8d37b3.png&w=640&q=75,,,0,2026-05-15 08:55:13,2026-05-15 08:55:13
4,Amazon Web Services,amazon-web-services,https://www.edx.org/_next/image?url=https%3A%2F%2Fprod-discovery.edx-cdn.org%2Forganization%2Flogos%2F31705519-3082-4c18-aa23-1caf9a038b1c-21ab36bd68bc.png&w=640&q=75,,,0,2026-05-15 08:55:13,2026-05-15 08:55:13
5,American Psychological Association,american-psychological-association,https://www.edx.org/_next/image?url=https%3A%2F%2Fprod-discovery.edx-cdn.org%2Forganization%2Flogos%2Fbc4364a6-3fb5-456e-b2f5-fc6efdeff815-851530f4f112.png&w=640&q=75,,,0,2026-05-15 08:55:13,2026-05-15 08:55:13
6,Aptly,aptly,https://www.edx.org/_next/image?url=https%3A%2F%2Fprod-discovery.edx-cdn.org%2Forganization%2Flogos%2Fbdc5d671-6044-494c-8bc6-933a9026e0d8-94cb0361f44b.png&w=640&q=75,,,0,2026-05-15 08:55:13,2026-05-15 08:55:13
7,Arizona State University,arizona-state-university,https://www.edx.org/_next/image?url=https%3A%2F%2Fprod-discovery.edx-cdn.org%2Forganization%2Flogos%2F766a3716-f962-425b-b56e-e214c019b229-1fd2c1d49461.png&w=640&q=75,,,0,2026-05-15 08:55:13,2026-05-15 08:55:13
8,Arm Education,arm-education,https://www.edx.org/_next/image?url=https%3A%2F%2Fprod-discovery.edx-cdn.org%2Forganization%2Flogos%2F5f1b3a31-014f-44e0-ade4-829a9d4b8334-00d7ebd79ee5.png&w=640&q=75,,,0,2026-05-15 08:55:13,2026-05-15 08:55:13
9,Association of Chartered Certified Accountants,association-of-chartered-certified-accountants,https://www.edx.org/_next/image?url=https%3A%2F%2Fprod-discovery.edx-cdn.org%2Forganization%2Flogos%2F5f1ba1eb-92e8-4603-a2eb-f259d182b806-da5851943627.png&w=640&q=75,,,0,2026-05-15 08:55:13,2026-05-15 08:55:13
10,Australian National University,australian-national-university,https://www.edx.org/_next/image?url=https%3A%2F%2Fprod-discovery.edx-cdn.org%2Forganization%2Flogos%2F1e6df8ed-a3fe-4307-99b9-775af509fcba-c733cde41f39.png&w=640&q=75,,,0,2026-05-15 08:55:13,2026-05-15 08:55:13
11,Babson College,babson-college,https://www.edx.org/_next/image?url=https%3A%2F%2Fprod-discovery.edx-cdn.org%2Forganization%2Flogos%2F5e657c42-b466-4101-883a-7f2830ff3d54-1cc106481e49.png&w=640&q=75,,,0,2026-05-15 08:55:13,2026-05-15 08:55:13
12,Barbara Oakley & Olav Schewe,barbara-oakley-and-olav-schewe,https://www.edx.org/_next/image?url=https%3A%2F%2Fprod-discovery.edx-cdn.org%2Forganization%2Flogos%2F90892729-e05a-40d3-8a6d-111bf35d0a54-3188b16a253e.png&w=640&q=75,,,0,2026-05-15 08:55:13,2026-05-15 08:55:13
13,Berklee College of Music,berklee-college-of-music,https://www.edx.org/_next/image?url=https%3A%2F%2Fprod-discovery.edx-cdn.org%2Forganization%2Flogos%2F267a63a9-5bc3-4b49-8bc0-f31b39b45f53-9778ab6db7ca.png&w=640&q=75,,,0,2026-05-15 08:55:13,2026-05-15 08:55:13
14,BoxPlay,boxplay,https://www.edx.org/_next/image?url=https%3A%2F%2Fprod-discovery.edx-cdn.org%2Forganization%2Flogos%2F165092b7-5a47-41bd-8109-58e2f088c44f-50f67697a302.png&w=640&q=75,,,0,2026-05-15 08:55:13,2026-05-15 08:55:13
15,Brown University,brown-university,https://www.edx.org/_next/image?url=https%3A%2F%2Fprod-discovery.edx-cdn.org%2Forganization%2Flogos%2Fedcea365-f4e2-4790-ab58-b05011ff147f-e5740103bc15.png&w=640&q=75,,,0,2026-05-15 08:55:13,2026-05-15 08:55:13
16,Caltech,caltech,https://www.edx.org/_next/image?url=https%3A%2F%2Fprod-discovery.edx-cdn.org%2Forganization%2Flogos%2F01424b8a-06bf-4410-ac4f-2f1016b105be-e40ca6bcc9d7.png&w=640&q=75,,,0,2026-05-15 08:55:13,2026-05-15 08:55:13
17,Catalyst,catalyst,https://www.edx.org/_next/image?url=https%3A%2F%2Fprod-discovery.edx-cdn.org%2Forganization%2Flogos%2F7a2e476c-f802-49ba-9dbd-d44e5658277c-914467970e00.png&w=640&q=75,,,0,2026-05-15 08:55:13,2026-05-15 08:55:13
18,CFI Education,cfi-education,https://www.edx.org/_next/image?url=https%3A%2F%2Fprod-discovery.edx-cdn.org%2Forganization%2Flogos%2Fed9a5751-d84c-4695-9821-9fe7711a5778-13d753f10800.png&w=640&q=75,,,0,2026-05-15 08:55:13,2026-05-15 08:55:13
19,Chalmers University of Technology,chalmers-university-of-technology,https://www.edx.org/_next/image?url=https%3A%2F%2Fprod-discovery.edx-cdn.org%2Forganization%2Flogos%2F6233178f-b703-4c85-bcea-3b3c55ef9289-8c26535e6e82.png&w=640&q=75,,,0,2026-05-15 08:55:13,2026-05-15 08:55:13
20,Check Point Software Technologies Ltd.,check-point-software-technologies-ltd.,https://www.edx.org/_next/image?url=https%3A%2F%2Fprod-discovery.edx-cdn.org%2Forganization%2Flogos%2Fc980660a-dc5c-4dc5-8f04-de4359eb5ea0-f4df7f5337bd.png&w=640&q=75,,,0,2026-05-15 08:55:13,2026-05-15 08:55:13
21,CodeSignal,codesignal,https://www.edx.org/_next/image?url=https%3A%2F%2Fprod-discovery.edx-cdn.org%2Forganization%2Flogos%2F1f2fab38-0a49-46ca-84a6-8f89e8861d2e-05864b07bb47.png&w=640&q=75,,,0,2026-05-15 08:55:13,2026-05-15 08:55:13
22,Codio,codio,https://www.edx.org/_next/image?url=https%3A%2F%2Fprod-discovery.edx-cdn.org%2Forganization%2Flogos%2Fdd7e4312-e4df-4d81-a126-5885865ab0d5-bf0b5b4a49d6.png&w=640&q=75,,,0,2026-05-15 08:55:13,2026-05-15 08:55:13
23,Colgate University,colgate-university,https://www.edx.org/_next/image?url=https%3A%2F%2Fprod-discovery.edx-cdn.org%2Forganization%2Flogos%2Fda09dee6-19d9-4ad0-a027-f6c206b56656-23edf1cdf900.png&w=640&q=75,,,0,2026-05-15 08:55:13,2026-05-15 08:55:13
24,Columbia University,columbia-university,https://www.edx.org/_next/image?url=https%3A%2F%2Fprod-discovery.edx-cdn.org%2Forganization%2Flogos%2F3d8fc08e-339f-467a-a6c0-2b956ca5d6a0-797c0c6ddbc6.png&w=640&q=75,,,0,2026-05-15 08:55:13,2026-05-15 08:55:13
25,Cornell University,cornell-university,https://www.edx.org/_next/image?url=https%3A%2F%2Fprod-discovery.edx-cdn.org%2Forganization%2Flogos%2F99661642-a500-4988-bd1b-97877bd6e232-6903c8a95279.png&w=640&q=75,,,0,2026-05-15 08:55:13,2026-05-15 08:55:13
26,Curtin University,curtin-university,https://www.edx.org/_next/image?url=https%3A%2F%2Fprod-discovery.edx-cdn.org%2Forganization%2Flogos%2Fafb92a21-674a-4636-b83b-17e3fef7243d-82515dc77939.png&w=640&q=75,,,0,2026-05-15 08:55:13,2026-05-15 08:55:13
27,Dartmouth College,dartmouth-college,https://www.edx.org/_next/image?url=https%3A%2F%2Fprod-discovery.edx-cdn.org%2Forganization%2Flogos%2Ffaaf3d47-e4af-4da6-8cb8-c7051d7b1572-0d113e57e4e4.png&w=640&q=75,,,0,2026-05-15 08:55:13,2026-05-15 08:55:13
28,Dassault SystĂ¨mes,dassault-systă¨mes,https://www.edx.org/_next/image?url=https%3A%2F%2Fprod-discovery.edx-cdn.org%2Forganization%2Flogos%2F2142f0c8-bf9b-4815-a82a-1e8669569729-230948ae878c.png&w=640&q=75,,,0,2026-05-15 08:55:13,2026-05-15 08:55:13
29,Dassault SystĂ¨mes SOLIDWORKS,dassault-systă¨mes-solidworks,https://www.edx.org/_next/image?url=https%3A%2F%2Fprod-discovery.edx-cdn.org%2Forganization%2Flogos%2Fd591e980-726b-483d-88c8-044e66db438b-b27dbbde50f2.png&w=640&q=75,,,0,2026-05-15 08:55:13,2026-05-15 08:55:13
30,Databricks,databricks,https://www.edx.org/_next/image?url=https%3A%2F%2Fprod-discovery.edx-cdn.org%2Forganization%2Flogos%2Ff396c277-2a09-46ec-b76f-32fedc4a82cc-59e1dca89c96.png&w=640&q=75,,,0,2026-05-15 08:55:13,2026-05-15 08:55:13
31,Davidson College,davidson-college,https://www.edx.org/_next/image?url=https%3A%2F%2Fprod-discovery.edx-cdn.org%2Forganization%2Flogos%2F2b993f2d-f65b-4791-b2f5-0fa11fedfd15-f867a771d99f.png&w=640&q=75,,,0,2026-05-15 08:55:13,2026-05-15 08:55:13
32,DEC Institute,dec-institute,https://www.edx.org/_next/image?url=https%3A%2F%2Fprod-discovery.edx-cdn.org%2Forganization%2Flogos%2F16cfbee7-3626-4920-92ee-079e21a124a3-ba4435aaf509.png&w=640&q=75,,,0,2026-05-15 08:55:13,2026-05-15 08:55:13
33,Deepak Chopra,deepak-chopra,https://www.edx.org/_next/image?url=https%3A%2F%2Fprod-discovery.edx-cdn.org%2Forganization%2Flogos%2F90dc203b-58e6-453b-b4d6-65174c2ff25f-662db0f439c8.png&w=640&q=75,,,0,2026-05-15 08:55:13,2026-05-15 08:55:13
34,Delft University of Technology,delft-university-of-technology,https://www.edx.org/_next/image?url=https%3A%2F%2Fprod-discovery.edx-cdn.org%2Forganization%2Flogos%2Fc484a523-d396-4aff-90f4-bb7e82e16bf6-f9e6cc4a4c94.png&w=640&q=75,,,0,2026-05-15 08:55:13,2026-05-15 08:55:13
35,Doane University,doane-university,https://www.edx.org/_next/image?url=https%3A%2F%2Fprod-discovery.edx-cdn.org%2Forganization%2Flogos%2Fe9e90c9f-85ec-4ae5-bea8-2ecae2258446-85b6b8c0a212.png&w=640&q=75,,,0,2026-05-15 08:55:13,2026-05-15 08:55:13
36,EC-Council,ec-council,https://www.edx.org/_next/image?url=https%3A%2F%2Fprod-discovery.edx-cdn.org%2Forganization%2Flogos%2F6f309112-a97b-4f8a-8dbb-a89e247d0bc3-d603c7bd13bb.png&w=640&q=75,,,0,2026-05-15 08:55:13,2026-05-15 08:55:13
37,Ă‰cole polytechnique fĂ©dĂ©rale de Lausanne,ă‰cole-polytechnique-fă©dă©rale-de-lausanne,https://www.edx.org/_next/image?url=https%3A%2F%2Fprod-discovery.edx-cdn.org%2Forganization%2Flogos%2F6f244695-7416-4c6c-a2a9-97769b6acb56-a2dc5dd735ab.png&w=640&q=75,,,0,2026-05-15 08:55:13,2026-05-15 08:55:13
38,Educational Testing Service,educational-testing-service,https://www.edx.org/_next/image?url=https%3A%2F%2Fprod-discovery.edx-cdn.org%2Forganization%2Flogos%2F9d9e1a30-c34d-4ad1-8c5a-d2410db8c123-8beea336c2a4.png&w=640&q=75,,,0,2026-05-15 08:55:13,2026-05-15 08:55:13
39,EIT Food,eit-food,https://www.edx.org/_next/image?url=https%3A%2F%2Fprod-discovery.edx-cdn.org%2Forganization%2Flogos%2F9a8db325-4f07-4e29-990b-3ec8059bf7ad-fbef866d4b06.png&w=640&q=75,,,0,2026-05-15 08:55:13,2026-05-15 08:55:13
40,Escola do Caos,escola-do-caos,https://www.edx.org/_next/image?url=https%3A%2F%2Fprod-discovery.edx-cdn.org%2Forganization%2Flogos%2F12fbd3f0-c558-4683-bbbc-52da6ec54022-b128f06b4faf.png&w=640&q=75,,,0,2026-05-15 08:55:13,2026-05-15 08:55:13
41,ETH Zurich,eth-zurich,https://www.edx.org/_next/image?url=https%3A%2F%2Fprod-discovery.edx-cdn.org%2Forganization%2Flogos%2F9c5eef81-4eac-4f0d-9ca1-c668ccce5d73-af28b99903dc.png&w=640&q=75,,,0,2026-05-15 08:55:13,2026-05-15 08:55:13
42,Fullbridge,fullbridge,https://www.edx.org/_next/image?url=https%3A%2F%2Fprod-discovery.edx-cdn.org%2Forganization%2Flogos%2F126b2c88-ce11-46e0-8833-71552c03355b-aa8717dcc1ca.png&w=640&q=75,,,0,2026-05-15 08:55:13,2026-05-15 08:55:13
43,FundaĂ§ĂŁo para a CiĂŞncia e a Tecnologia,fundaă§ăŁo-para-a-ciăŞncia-e-a-tecnologia,https://www.edx.org/_next/image?url=https%3A%2F%2Fprod-discovery.edx-cdn.org%2Forganization%2Flogos%2Fad746a32-a177-4d1c-ac53-dc5436b5a817-8bbbd729965c.png&w=640&q=75,,,0,2026-05-15 08:55:13,2026-05-15 08:55:13
44,George Washington University,george-washington-university,https://www.edx.org/_next/image?url=https%3A%2F%2Fprod-discovery.edx-cdn.org%2Forganization%2Flogos%2F5c2ddc82-7948-4008-8b76-3853ac9c0877-0838009e361b.png&w=640&q=75,,,0,2026-05-15 08:55:13,2026-05-15 08:55:13
45,Georgetown University,georgetown-university,https://www.edx.org/_next/image?url=https%3A%2F%2Fprod-discovery.edx-cdn.org%2Forganization%2Flogos%2F300a9275-e360-4599-92db-8c2222d5f614-712b2867e667.png&w=640&q=75,,,0,2026-05-15 08:55:13,2026-05-15 08:55:13
46,Google,google,https://www.edx.org/_next/image?url=https%3A%2F%2Fprod-discovery.edx-cdn.org%2Forganization%2Flogos%2F29d2370f-9575-4f8e-b107-753b1abcc5f0-6a48c6833673.png&w=640&q=75,,,0,2026-05-15 08:55:13,2026-05-15 08:55:13
47,Google Cloud,google-cloud,https://www.edx.org/_next/image?url=https%3A%2F%2Fprod-discovery.edx-cdn.org%2Forganization%2Flogos%2F7a30f2c7-0d59-4890-ab19-fc8324e9c7d6-6ff36c37bf48.png&w=640&q=75,,,0,2026-05-15 08:55:13,2026-05-15 08:55:13
48,Graz University of Technology,graz-university-of-technology,https://www.edx.org/_next/image?url=https%3A%2F%2Fprod-discovery.edx-cdn.org%2Forganization%2Flogos%2Fc56a26e7-5025-4f31-97aa-0a5f42445447-0016ae232c5a.png&w=640&q=75,,,0,2026-05-15 08:55:13,2026-05-15 08:55:13
49,Hamad Bin Khalifa University,hamad-bin-khalifa-university,https://www.edx.org/_next/image?url=https%3A%2F%2Fprod-discovery.edx-cdn.org%2Forganization%2Flogos%2F9c05acb1-4527-4361-95e5-827457af9819-318ad2f39987.png&w=640&q=75,,,0,2026-05-15 08:55:13,2026-05-15 08:55:13
50,Hamilton College,hamilton-college,https://www.edx.org/_next/image?url=https%3A%2F%2Fprod-discovery.edx-cdn.org%2Forganization%2Flogos%2F622bd630-8174-4eb6-8bb1-ba675e8c1ffa-d7c7921752ef.png&w=640&q=75,,,0,2026-05-15 08:55:13,2026-05-15 08:55:13
51,Harvard University,harvard-university,https://www.edx.org/_next/image?url=https%3A%2F%2Fprod-discovery.edx-cdn.org%2Forganization%2Flogos%2F44022f13-20df-4666-9111-cede3e5dc5b6-2cc39992c67a.png&w=640&q=75,,,0,2026-05-15 08:55:13,2026-05-15 08:55:13
52,Harvey Mudd College,harvey-mudd-college,https://www.edx.org/_next/image?url=https%3A%2F%2Fprod-discovery.edx-cdn.org%2Forganization%2Flogos%2Fae5c478b-9e19-4868-95be-18c0cc881efa-959a8063f103.png&w=640&q=75,,,0,2026-05-15 08:55:13,2026-05-15 08:55:13
53,HEC MontrĂ©al,hec-montră©al,https://www.edx.org/_next/image?url=https%3A%2F%2Fprod-discovery.edx-cdn.org%2Forganization%2Flogos%2F79da26e5-dbaf-400a-906c-33c51b87ea83-d1826ad9c521.png&w=640&q=75,,,0,2026-05-15 08:55:13,2026-05-15 08:55:13
54,HP,hp,https://www.edx.org/_next/image?url=https%3A%2F%2Fprod-discovery.edx-cdn.org%2Forganization%2Flogos%2F2b6a09a3-61a9-415b-9048-cf90451c6bb2-681cbc2f42ed.png&w=640&q=75,,,0,2026-05-15 08:55:13,2026-05-15 08:55:13
55,IBM,ibm,https://www.edx.org/_next/image?url=https%3A%2F%2Fprod-discovery.edx-cdn.org%2Forganization%2Flogos%2F87b07564-d569-4cfd-bee6-8b0a407acb73-dc33e4b5f353.png&w=640&q=75,,,0,2026-05-15 08:55:13,2026-05-15 08:55:13
56,IE University,ie-university,https://www.edx.org/_next/image?url=https%3A%2F%2Fprod-discovery.edx-cdn.org%2Forganization%2Flogos%2F69cb733e-072b-41ff-a0d6-087b7d8917b2-dd1c1e2fb367.png&w=640&q=75,,,0,2026-05-15 08:55:13,2026-05-15 08:55:13
57,IITBombay,iitbombay,https://www.edx.org/_next/image?url=https%3A%2F%2Fprod-discovery.edx-cdn.org%2Forganization%2Flogos%2F410f25d0-d67b-4a90-b7e3-8a856eece7e1-5a926942dd45.png&w=640&q=75,,,0,2026-05-15 08:55:13,2026-05-15 08:55:13
58,Imperial College London,imperial-college-london,https://www.edx.org/_next/image?url=https%3A%2F%2Fprod-discovery.edx-cdn.org%2Forganization%2Flogos%2Fb7b5c4b8-9908-4caa-8e02-453a2a960b0b-9cda9ffb8e95.png&w=640&q=75,,,0,2026-05-15 08:55:13,2026-05-15 08:55:13
59,IMT,imt,https://www.edx.org/_next/image?url=https%3A%2F%2Fprod-discovery.edx-cdn.org%2Forganization%2Flogos%2F55a6dc9c-5bc9-45e1-be34-a94bcc87bb15-c3509d119e45.png&w=640&q=75,,,0,2026-05-15 08:55:13,2026-05-15 08:55:13
60,Indian Institute of Management Bangalore,indian-institute-of-management-bangalore,https://www.edx.org/_next/image?url=https%3A%2F%2Fprod-discovery.edx-cdn.org%2Forganization%2Flogos%2Fc2e6b3f5-9c1f-41f0-b692-f2173d05a256-7729f0b9d72b.png&w=640&q=75,,,0,2026-05-15 08:55:13,2026-05-15 08:55:13
61,Institute of Science Tokyo,institute-of-science-tokyo,https://www.edx.org/_next/image?url=https%3A%2F%2Fprod-discovery.edx-cdn.org%2Forganization%2Flogos%2Fc64ca4df-182e-4dff-8f9c-bce589fef512-032c9ce46518.png&w=640&q=75,,,0,2026-05-15 08:55:13,2026-05-15 08:55:13
62,Instituto PolitĂ©cnico de Tomar,instituto-polită©cnico-de-tomar,https://www.edx.org/_next/image?url=https%3A%2F%2Fprod-discovery.edx-cdn.org%2Forganization%2Flogos%2F15506016-40a7-4791-aa15-4017ecbbb88a-fd0c9fcd07bb.png&w=640&q=75,,,0,2026-05-15 08:55:13,2026-05-15 08:55:13
63,Inter-American Development Bank,inter-american-development-bank,https://www.edx.org/_next/image?url=https%3A%2F%2Fprod-discovery.edx-cdn.org%2Forganization%2Flogos%2Ff87a494a-5b61-4c1c-b9ff-0fefec519326-6ea0a51177d0.png&w=640&q=75,,,0,2026-05-15 08:55:13,2026-05-15 08:55:13
64,International Compliance Association,international-compliance-association,https://www.edx.org/_next/image?url=https%3A%2F%2Fprod-discovery.edx-cdn.org%2Forganization%2Flogos%2F2fbf20d4-e3c3-4d2f-a0b2-4ce3221a5a93-08d4306ee81f.png&w=640&q=75,,,0,2026-05-15 08:55:13,2026-05-15 08:55:13
65,International Supply Chain Education Alliance,international-supply-chain-education-alliance,https://www.edx.org/_next/image?url=https%3A%2F%2Fprod-discovery.edx-cdn.org%2Forganization%2Flogos%2Fe1f70279-dab1-436b-b87d-2aa4c1c3c3b8-2a7a6512dd73.png&w=640&q=75,,,0,2026-05-15 08:55:13,2026-05-15 08:55:13
66,Islamic Development Bank Institute,islamic-development-bank-institute,https://www.edx.org/_next/image?url=https%3A%2F%2Fprod-discovery.edx-cdn.org%2Forganization%2Flogos%2F6b7b79f4-8669-4dc7-bc59-ce43792f3694-d1072b24295b.png&w=640&q=75,,,0,2026-05-15 08:55:13,2026-05-15 08:55:13
67,IsraelX,israelx,https://www.edx.org/_next/image?url=https%3A%2F%2Fprod-discovery.edx-cdn.org%2Forganization%2Flogos%2F8c9a342a-2a11-4845-ba09-14b85645d8ac-9dd7b26745d2.png&w=640&q=75,,,0,2026-05-15 08:55:13,2026-05-15 08:55:13
68,"Jesus College, Cambridge","jesus-college,-cambridge",https://www.edx.org/_next/image?url=https%3A%2F%2Fprod-discovery.edx-cdn.org%2Forganization%2Flogos%2Faae4f4ea-b632-4c11-8017-16ba3411ad9e-b9b44ad324a3.png&w=640&q=75,,,0,2026-05-15 08:55:13,2026-05-15 08:55:13
69,Juran,juran,https://www.edx.org/_next/image?url=https%3A%2F%2Fprod-discovery.edx-cdn.org%2Forganization%2Flogos%2Fdf374c5a-1048-4f42-b947-56954f8f5887-9f123d289980.png&w=640&q=75,,,0,2026-05-15 08:55:13,2026-05-15 08:55:13
70,Kelley Executive Education Programs,kelley-executive-education-programs,https://www.edx.org/_next/image?url=https%3A%2F%2Fprod-discovery.edx-cdn.org%2Forganization%2Flogos%2F54209081-0ef8-444d-b367-e41aeeb9e4f9-e8a8e21a079b.png&w=640&q=75,,,0,2026-05-15 08:55:13,2026-05-15 08:55:13
71,King Abdullah University of Science and Technology,king-abdullah-university-of-science-and-technology,https://www.edx.org/_next/image?url=https%3A%2F%2Fprod-discovery.edx-cdn.org%2Forganization%2Flogos%2Faea3af3f-0076-4ffb-8c4b-e8918941a533-7396e28f1481.png&w=640&q=75,,,0,2026-05-15 08:55:13,2026-05-15 08:55:13
72,King's College London,king's-college-london,https://www.edx.org/_next/image?url=https%3A%2F%2Fprod-discovery.edx-cdn.org%2Forganization%2Flogos%2F38eb9754-b2f8-4d0d-8a09-0bab89c40700-48b5724c8113.png&w=640&q=75,,,0,2026-05-15 08:55:13,2026-05-15 08:55:13
73,KU Leuven,ku-leuven,https://www.edx.org/_next/image?url=https%3A%2F%2Fprod-discovery.edx-cdn.org%2Forganization%2Flogos%2F7205f972-57a3-4313-a7ea-7dfa0645d965-399b53df1455.png&w=640&q=75,,,0,2026-05-15 08:55:13,2026-05-15 08:55:13
74,Lancaster University,lancaster-university,https://www.edx.org/_next/image?url=https%3A%2F%2Fprod-discovery.edx-cdn.org%2Forganization%2Flogos%2F8f9e16c2-cb0d-4e37-999a-4e7090ea9b69-9dd6e7cfbec5.png&w=640&q=75,,,0,2026-05-15 08:55:13,2026-05-15 08:55:13
75,LCI Education,lci-education,https://www.edx.org/_next/image?url=https%3A%2F%2Fprod-discovery.edx-cdn.org%2Forganization%2Flogos%2F896c0232-66fb-4b55-8fc1-2c75ba76db4c-05c9ce243e9b.png&w=640&q=75,,,0,2026-05-15 08:55:13,2026-05-15 08:55:13
76,Learn Ventures,learn-ventures,https://www.edx.org/_next/image?url=https%3A%2F%2Fprod-discovery.edx-cdn.org%2Forganization%2Flogos%2F8e19bed1-bfbe-4622-a7b7-4db2217c7999-6f4b8122d259.png&w=640&q=75,,,0,2026-05-15 08:55:13,2026-05-15 08:55:13
77,Lehigh University,lehigh-university,https://www.edx.org/_next/image?url=https%3A%2F%2Fprod-discovery.edx-cdn.org%2Forganization%2Flogos%2F9b3352f1-7df7-4cb9-9726-4b188d49799f-cdfdef9f1ccf.png&w=640&q=75,,,0,2026-05-15 08:55:13,2026-05-15 08:55:13
78,LEORON Institute,leoron-institute,https://www.edx.org/_next/image?url=https%3A%2F%2Fprod-discovery.edx-cdn.org%2Forganization%2Flogos%2F67b4f870-ea0a-49a2-a1e5-77a7aaffcecb-51dde1f56cde.png&w=640&q=75,,,0,2026-05-15 08:55:13,2026-05-15 08:55:13
79,LOGYCA,logyca,https://www.edx.org/_next/image?url=https%3A%2F%2Fprod-discovery.edx-cdn.org%2Forganization%2Flogos%2Ff35f3d73-e1f1-42fa-88af-8637276d3281-3f3ddfe2630f.png&w=640&q=75,,,0,2026-05-15 08:55:13,2026-05-15 08:55:13
80,MandarinX,mandarinx,https://www.edx.org/_next/image?url=https%3A%2F%2Fprod-discovery.edx-cdn.org%2Forganization%2Flogos%2F0ec63800-5a83-4ead-8ce5-9fd614105c06-f585b2f0b076.png&w=640&q=75,,,0,2026-05-15 08:55:13,2026-05-15 08:55:13
81,Maryville University,maryville-university,https://www.edx.org/_next/image?url=https%3A%2F%2Fprod-discovery.edx-cdn.org%2Forganization%2Flogos%2F8e585adc-f870-4e8f-abe8-e67da192d49c-33b63ce3ca64.png&w=640&q=75,,,0,2026-05-15 08:55:13,2026-05-15 08:55:13
82,Massachusetts Institute of Technology,massachusetts-institute-of-technology,https://www.edx.org/_next/image?url=https%3A%2F%2Fprod-discovery.edx-cdn.org%2Forganization%2Flogos%2F2a73d2ce-c34a-4e08-8223-83bca9d2f01d-d4f180052205.png&w=640&q=75,,,0,2026-05-15 08:55:13,2026-05-15 08:55:13
83,MathWorks,mathworks,https://www.edx.org/_next/image?url=https%3A%2F%2Fprod-discovery.edx-cdn.org%2Forganization%2Flogos%2F816b7ef2-6c19-431b-8152-3c12b307991f-4247159f02c1.png&w=640&q=75,,,0,2026-05-15 08:55:13,2026-05-15 08:55:13
84,McGill,mcgill,https://www.edx.org/_next/image?url=https%3A%2F%2Fprod-discovery.edx-cdn.org%2Forganization%2Flogos%2Fb4588b9d-da66-4cee-a022-14500c8973d9-9778580f1302.png&w=640&q=75,,,0,2026-05-15 08:55:13,2026-05-15 08:55:13
85,Meta,meta,https://www.edx.org/_next/image?url=https%3A%2F%2Fprod-discovery.edx-cdn.org%2Forganization%2Flogos%2F8ffbe7ea-be33-4247-bbb3-d9b560b98f0c-a2824e449792.png&w=640&q=75,,,0,2026-05-15 08:55:13,2026-05-15 08:55:13
86,Microsoft,microsoft,https://www.edx.org/_next/image?url=https%3A%2F%2Fprod-discovery.edx-cdn.org%2Forganization%2Flogos%2F896bbb25-cf7e-4f80-8ac1-477199c305ef-0a7d5b6c30e9.png&w=640&q=75,,,0,2026-05-15 08:55:13,2026-05-15 08:55:13
87,Microsoft,microsoft,https://www.edx.org/_next/image?url=https%3A%2F%2Fprod-discovery.edx-cdn.org%2Forganization%2Flogos%2F691c6ae0-1543-49a1-8e6a-b40ca7ad44ae-cd2eb5d32608.png&w=640&q=75,,,0,2026-05-15 08:55:13,2026-05-15 08:55:13
88,New York Institute of Finance,new-york-institute-of-finance,https://www.edx.org/_next/image?url=https%3A%2F%2Fprod-discovery.edx-cdn.org%2Forganization%2Flogos%2Fecabc090-da26-4831-b96e-9c08f67f320e-ec50ed43306b.png&w=640&q=75,,,0,2026-05-15 08:55:13,2026-05-15 08:55:13
89,New York University,new-york-university,https://www.edx.org/_next/image?url=https%3A%2F%2Fprod-discovery.edx-cdn.org%2Forganization%2Flogos%2Fdc6d25de-0dac-43e6-a915-e362bf8b4403-917c4e000b69.png&w=640&q=75,,,0,2026-05-15 08:55:13,2026-05-15 08:55:13
90,Open Education Consortium,open-education-consortium,https://www.edx.org/_next/image?url=https%3A%2F%2Fprod-discovery.edx-cdn.org%2Forganization%2Flogos%2F0d334838-fc50-4f0b-a103-8b6ff80d260b-505dd6e0e3ac.png&w=640&q=75,,,0,2026-05-15 08:55:13,2026-05-15 08:55:13
91,Oracle,oracle,https://www.edx.org/_next/image?url=https%3A%2F%2Fprod-discovery.edx-cdn.org%2Forganization%2Flogos%2Fa4fac06d-8b16-4dbb-9e06-0426dbcc71ba-b44b07227bd0.png&w=640&q=75,,,0,2026-05-15 08:55:13,2026-05-15 08:55:13
92,Osaka University,osaka-university,https://www.edx.org/_next/image?url=https%3A%2F%2Fprod-discovery.edx-cdn.org%2Forganization%2Flogos%2Fc4ebe1e6-da7e-4d7e-8cf6-9693c786cbb0-e8bda4292048.png&w=640&q=75,,,0,2026-05-15 08:55:13,2026-05-15 08:55:13
93,Osmosis from Elsevier,osmosis-from-elsevier,https://www.edx.org/_next/image?url=https%3A%2F%2Fprod-discovery.edx-cdn.org%2Forganization%2Flogos%2Ff9d13e73-3933-4c50-8d2c-28f1e576b5cd-d11ed42d7b8c.png&w=640&q=75,,,0,2026-05-15 08:55:13,2026-05-15 08:55:13
94,Peking University,peking-university,https://www.edx.org/_next/image?url=https%3A%2F%2Fprod-discovery.edx-cdn.org%2Forganization%2Flogos%2F797a0982-fdc1-440e-85b2-0295d84baff6-65a0a6a6bd9a.png&w=640&q=75,,,0,2026-05-15 08:55:13,2026-05-15 08:55:13
95,Pontificia Universidad Javeriana,pontificia-universidad-javeriana,https://www.edx.org/_next/image?url=https%3A%2F%2Fprod-discovery.edx-cdn.org%2Forganization%2Flogos%2Fd44733ac-333f-4b66-8cb0-02930e32a640-60c3c18089aa.png&w=640&q=75,,,0,2026-05-15 08:55:13,2026-05-15 08:55:13
96,Pragmatic AI Labs,pragmatic-ai-labs,https://www.edx.org/_next/image?url=https%3A%2F%2Fprod-discovery.edx-cdn.org%2Forganization%2Flogos%2Fb238af16-8e01-4cce-ae8d-3a85b2e92fb5-cbfb5dff124c.png&w=640&q=75,,,0,2026-05-15 08:55:13,2026-05-15 08:55:13
97,Princeton University,princeton-university,https://www.edx.org/_next/image?url=https%3A%2F%2Fprod-discovery.edx-cdn.org%2Forganization%2Flogos%2Fbfcc2e63-9cf2-4f18-968a-e44fd5cf0b7d-92924d377243.png&w=640&q=75,,,0,2026-05-15 08:55:13,2026-05-15 08:55:13
98,Project University,project-university,https://www.edx.org/_next/image?url=https%3A%2F%2Fprod-discovery.edx-cdn.org%2Forganization%2Flogos%2Fbe68c3b4-2e87-4ff9-9dd4-c9453b48c401-b83543d411bf.png&w=640&q=75,,,0,2026-05-15 08:55:13,2026-05-15 08:55:13
99,Purdue University,purdue-university,https://www.edx.org/_next/image?url=https%3A%2F%2Fprod-discovery.edx-cdn.org%2Forganization%2Flogos%2Fe5dfaf30-3828-4826-944e-03ea3dcf5b13-ab295e7bad86.png&w=640&q=75,,,0,2026-05-15 08:55:13,2026-05-15 08:55:13
100,Qatar University,qatar-university,https://www.edx.org/_next/image?url=https%3A%2F%2Fprod-discovery.edx-cdn.org%2Forganization%2Flogos%2F7b6ca3d5-1030-408f-b1a4-fb140db1854e-ff7c9bed584d.png&w=640&q=75,,,0,2026-05-15 08:55:13,2026-05-15 08:55:13
101,Queenâ€™s University,queenâ€™s-university,https://www.edx.org/_next/image?url=https%3A%2F%2Fprod-discovery.edx-cdn.org%2Forganization%2Flogos%2F3b50ea24-3c83-4923-82e3-991f67ab355e-490aeea2881f.png&w=640&q=75,,,0,2026-05-15 08:55:13,2026-05-15 08:55:13
102,Red Hat,red-hat,https://www.edx.org/_next/image?url=https%3A%2F%2Fprod-discovery.edx-cdn.org%2Forganization%2Flogos%2Fec7ef975-f3ec-497b-9a96-693035f8f73f-4b0181abb64e.png&w=640&q=75,,,0,2026-05-15 08:55:13,2026-05-15 08:55:13
103,Rice University,rice-university,https://www.edx.org/_next/image?url=https%3A%2F%2Fprod-discovery.edx-cdn.org%2Forganization%2Flogos%2F3e0f3544-6626-4373-afb9-b21e0e66a571-9317ec003c4d.png&w=640&q=75,,,0,2026-05-15 08:55:13,2026-05-15 08:55:13
104,Rochester Institute of Technology,rochester-institute-of-technology,https://www.edx.org/_next/image?url=https%3A%2F%2Fprod-discovery.edx-cdn.org%2Forganization%2Flogos%2Fde3e9ff0-477d-4496-8cfa-a98f902e5830-71b79f0ac34a.png&w=640&q=75,,,0,2026-05-15 08:55:13,2026-05-15 08:55:13
105,RWTH Aachen University,rwth-aachen-university,https://www.edx.org/_next/image?url=https%3A%2F%2Fprod-discovery.edx-cdn.org%2Forganization%2Flogos%2F8607c85e-2a12-4c51-8906-3a67848cf2a7-3e0a310f77c3.png&w=640&q=75,,,0,2026-05-15 08:55:13,2026-05-15 08:55:13
106,"SaĂŻd Business School, University of Oxford","saăŻd-business-school,-university-of-oxford",https://www.edx.org/_next/image?url=https%3A%2F%2Fprod-discovery.edx-cdn.org%2Forganization%2Flogos%2Fde625b48-4355-45fa-abdf-a06298e55be0-19a89a5a00d2.png&w=640&q=75,,,0,2026-05-15 08:55:13,2026-05-15 08:55:13
107,SDA Bocconi School of Management,sda-bocconi-school-of-management,https://www.edx.org/_next/image?url=https%3A%2F%2Fprod-discovery.edx-cdn.org%2Forganization%2Flogos%2Fd3c464ef-ef59-4c3c-b08e-59f0b9305424-286425888b86.png&w=640&q=75,,,0,2026-05-15 08:55:13,2026-05-15 08:55:13
108,SDG Academy,sdg-academy,https://www.edx.org/_next/image?url=https%3A%2F%2Fprod-discovery.edx-cdn.org%2Forganization%2Flogos%2F0152661c-94b4-44ff-ad5d-54528339c1b0-516950c54c28.png&w=640&q=75,,,0,2026-05-15 08:55:13,2026-05-15 08:55:13
109,Sell It,sell-it,https://www.edx.org/_next/image?url=https%3A%2F%2Fprod-discovery.edx-cdn.org%2Forganization%2Fbanner_images%2Fc939c590-9600-4dbe-8e37-84e6b1432bd3-388443df156f.png&w=640&q=75,,,0,2026-05-15 08:55:13,2026-05-15 08:55:13
110,Seoul National University,seoul-national-university,https://www.edx.org/_next/image?url=https%3A%2F%2Fprod-discovery.edx-cdn.org%2Forganization%2Flogos%2F16c5f1e0-9d68-4771-bb5e-4148cb95cba9-c61990083882.png&w=640&q=75,,,0,2026-05-15 08:55:13,2026-05-15 08:55:13
111,SkillUp EdTech LLC,skillup-edtech-llc,https://www.edx.org/_next/image?url=https%3A%2F%2Fprod-discovery.edx-cdn.org%2Forganization%2Flogos%2F1feb43fb-ef7e-4293-97e9-130d3aad19cd-5d2806a67394.png&w=640&q=75,,,0,2026-05-15 08:55:13,2026-05-15 08:55:13
112,Smith College,smith-college,https://www.edx.org/_next/image?url=https%3A%2F%2Fprod-discovery.edx-cdn.org%2Forganization%2Flogos%2F089e29ff-b069-4705-9133-a3fb757d4d5a-9858fd349d7b.png&w=640&q=75,,,0,2026-05-15 08:55:13,2026-05-15 08:55:13
113,Sorbonne UniversitĂ©,sorbonne-universită©,https://www.edx.org/_next/image?url=https%3A%2F%2Fprod-discovery.edx-cdn.org%2Forganization%2Flogos%2F188a8d01-87c1-45e6-b518-3de65906deac-e0bae0624ec7.png&w=640&q=75,,,0,2026-05-15 08:55:13,2026-05-15 08:55:13
114,Stanford University,stanford-university,https://www.edx.org/_next/image?url=https%3A%2F%2Fprod-discovery.edx-cdn.org%2Forganization%2Flogos%2Ff53a7458-c79b-4524-97cf-28241114230e-e47d44123c3b.png&w=640&q=75,,,0,2026-05-15 08:55:13,2026-05-15 08:55:13
115,State Bank of India,state-bank-of-india,https://www.edx.org/_next/image?url=https%3A%2F%2Fprod-discovery.edx-cdn.org%2Forganization%2Flogos%2F6fc80e42-95b2-47c6-a5e8-8d76f104cebd-dd0954c7476b.png&w=640&q=75,,,0,2026-05-15 08:55:13,2026-05-15 08:55:13
116,State University of Campinas,state-university-of-campinas,https://www.edx.org/_next/image?url=https%3A%2F%2Fprod-discovery.edx-cdn.org%2Forganization%2Flogos%2F62078b08-ff1c-4bef-b6a3-40938326229e-3ce978487932.png&w=640&q=75,,,0,2026-05-15 08:55:13,2026-05-15 08:55:13
117,Statistics.com,statistics.com,https://www.edx.org/_next/image?url=https%3A%2F%2Fprod-discovery.edx-cdn.org%2Forganization%2Flogos%2Fd74214c6-3663-421d-91be-bf407a6efca2-94bf207ef5fa.png&w=640&q=75,,,0,2026-05-15 08:55:13,2026-05-15 08:55:13
118,Stellenbosch University,stellenbosch-university,https://www.edx.org/_next/image?url=https%3A%2F%2Fprod-discovery.edx-cdn.org%2Forganization%2Flogos%2F42feffdf-caad-4e6b-8432-1b87d4ee30a1-2400ba35fe86.png&w=640&q=75,,,0,2026-05-15 08:55:13,2026-05-15 08:55:13
119,Technical University of Munich,technical-university-of-munich,https://www.edx.org/_next/image?url=https%3A%2F%2Fprod-discovery.edx-cdn.org%2Forganization%2Flogos%2Fa455918c-387b-46b2-b943-d4b8f3edcf56-c2120c85b7c3.png&w=640&q=75,,,0,2026-05-15 08:55:13,2026-05-15 08:55:13
120,TecnolĂłgico de Monterrey,tecnolăłgico-de-monterrey,https://www.edx.org/_next/image?url=https%3A%2F%2Fprod-discovery.edx-cdn.org%2Forganization%2Flogos%2Fceb9644c-f8dd-4522-9acd-adb33cbb9b4b-e8152bc6676b.png&w=640&q=75,,,0,2026-05-15 08:55:13,2026-05-15 08:55:13
121,TEFL Org,tefl-org,https://www.edx.org/_next/image?url=https%3A%2F%2Fprod-discovery.edx-cdn.org%2Forganization%2Flogos%2Fa8a754ee-7385-4819-a649-30b5c89b7446-45b2572be8b8.png&w=640&q=75,,,0,2026-05-15 08:55:13,2026-05-15 08:55:13
122,Tel Aviv University,tel-aviv-university,https://www.edx.org/_next/image?url=https%3A%2F%2Fprod-discovery.edx-cdn.org%2Forganization%2Flogos%2F0e337af8-3643-496e-be9e-fb91274a505d-19990d293b60.png&w=640&q=75,,,0,2026-05-15 08:55:13,2026-05-15 08:55:13
123,TenarisUniversity,tenarisuniversity,https://www.edx.org/_next/image?url=https%3A%2F%2Fprod-discovery.edx-cdn.org%2Forganization%2Flogos%2Fd353e5a7-a457-449d-b896-8324e09c73e1-f6be9900c906.png&w=640&q=75,,,0,2026-05-15 08:55:13,2026-05-15 08:55:13
124,The Clinton Global Initiative University,the-clinton-global-initiative-university,https://www.edx.org/_next/image?url=https%3A%2F%2Fprod-discovery.edx-cdn.org%2Forganization%2Flogos%2F9b9fbc49-82c6-44f4-bdd3-04c8038390f5-2ef49fe63124.png&w=640&q=75,,,0,2026-05-15 08:55:13,2026-05-15 08:55:13
125,The Georgia Institute of Technology,the-georgia-institute-of-technology,https://www.edx.org/_next/image?url=https%3A%2F%2Fprod-discovery.edx-cdn.org%2Forganization%2Flogos%2F8537d31f-01b4-40fd-b652-e17b38eefe41-4c6537c07d54.png&w=640&q=75,,,0,2026-05-15 08:55:13,2026-05-15 08:55:13
126,The Hong Kong Polytechnic University,the-hong-kong-polytechnic-university,https://www.edx.org/_next/image?url=https%3A%2F%2Fprod-discovery.edx-cdn.org%2Forganization%2Flogos%2F0e54e104-1705-4479-80ec-5be6cac8b021-92ff94bde414.png&w=640&q=75,,,0,2026-05-15 08:55:13,2026-05-15 08:55:13
127,The Hong Kong University of Science and Technology,the-hong-kong-university-of-science-and-technology,https://www.edx.org/_next/image?url=https%3A%2F%2Fprod-discovery.edx-cdn.org%2Forganization%2Flogos%2Fb736b120-95f6-4ac5-83d0-138fedbbbda2-ed8f10dbd8ba.png&w=640&q=75,,,0,2026-05-15 08:55:13,2026-05-15 08:55:13
128,The International Monetary Fund,the-international-monetary-fund,https://www.edx.org/_next/image?url=https%3A%2F%2Fprod-discovery.edx-cdn.org%2Forganization%2Flogos%2Fa655d538-b1e8-4f66-a99d-cf4682d2c17b-111a45d036cc.png&w=640&q=75,,,0,2026-05-15 08:55:13,2026-05-15 08:55:13
129,The Linux Foundation,the-linux-foundation,https://www.edx.org/_next/image?url=https%3A%2F%2Fprod-discovery.edx-cdn.org%2Forganization%2Flogos%2F4d254841-5cc9-4174-a28d-5b4f823c0122-51c34231df61.png&w=640&q=75,,,0,2026-05-15 08:55:13,2026-05-15 08:55:13
130,The London School of Economics and Political Science,the-london-school-of-economics-and-political-science,https://www.edx.org/_next/image?url=https%3A%2F%2Fprod-discovery.edx-cdn.org%2Forganization%2Flogos%2F07141c7d-a86e-4f48-bb5b-1eef0958b465-b644124b89ef.png&w=640&q=75,,,0,2026-05-15 08:55:13,2026-05-15 08:55:13
131,The Smithsonian Institution,the-smithsonian-institution,https://www.edx.org/_next/image?url=https%3A%2F%2Fprod-discovery.edx-cdn.org%2Forganization%2Flogos%2F19c4ee8d-c405-4db8-a0d8-609a78c9ab33-09941dc6e316.png&w=640&q=75,,,0,2026-05-15 08:55:13,2026-05-15 08:55:13
132,"The University of California, San Diego","the-university-of-california,-san-diego",https://www.edx.org/_next/image?url=https%3A%2F%2Fprod-discovery.edx-cdn.org%2Forganization%2Flogos%2Fc7f335bb-f97c-4472-af09-65ae60197005-7d797d964ddb.png&w=640&q=75,,,0,2026-05-15 08:55:13,2026-05-15 08:55:13
133,The University of Edinburgh,the-university-of-edinburgh,https://www.edx.org/_next/image?url=https%3A%2F%2Fprod-discovery.edx-cdn.org%2Forganization%2Flogos%2Fbc823bd7-b910-4e23-a5fd-ac7283f02c1e-66ced298a065.png&w=640&q=75,,,0,2026-05-15 08:55:13,2026-05-15 08:55:13
134,The University of Hong Kong,the-university-of-hong-kong,https://www.edx.org/_next/image?url=https%3A%2F%2Fprod-discovery.edx-cdn.org%2Forganization%2Flogos%2F5024b547-2d68-4bfd-9e9e-1e5f96c13375-c9b5e39fb8af.png&w=640&q=75,,,0,2026-05-15 08:55:13,2026-05-15 08:55:13
135,The University of Iceland,the-university-of-iceland,https://www.edx.org/_next/image?url=https%3A%2F%2Fprod-discovery.edx-cdn.org%2Forganization%2Flogos%2F11d8415d-2b1f-4996-8d26-e93bdd6b402a-77748be29828.png&w=640&q=75,,,0,2026-05-15 08:55:13,2026-05-15 08:55:13
136,"The University of Maryland, College Park","the-university-of-maryland,-college-park",https://www.edx.org/_next/image?url=https%3A%2F%2Fprod-discovery.edx-cdn.org%2Forganization%2Flogos%2Fac5b634b-1d88-43d5-8199-1142a2e4fc96-0f3719f6fbd4.png&w=640&q=75,,,0,2026-05-15 08:55:13,2026-05-15 08:55:13
137,The University of Michigan,the-university-of-michigan,https://www.edx.org/_next/image?url=https%3A%2F%2Fprod-discovery.edx-cdn.org%2Forganization%2Flogos%2Febf3ff9d-a40b-4cbe-84a1-ef7fe4f35beb-61ffe82bb9c2.png&w=640&q=75,,,0,2026-05-15 08:55:13,2026-05-15 08:55:13
138,The University of Queensland,the-university-of-queensland,https://www.edx.org/_next/image?url=https%3A%2F%2Fprod-discovery.edx-cdn.org%2Forganization%2Flogos%2F8554749f-b920-4d7f-8986-af6bb95290aa-f336c6a2ca11.png&w=640&q=75,,,0,2026-05-15 08:55:13,2026-05-15 08:55:13
139,The University of Texas System,the-university-of-texas-system,https://www.edx.org/_next/image?url=https%3A%2F%2Fprod-discovery.edx-cdn.org%2Forganization%2Flogos%2F3f0d28e5-eeb4-4e0f-9617-39546a3df0c8-1bfe1d50b12f.png&w=640&q=75,,,0,2026-05-15 08:55:13,2026-05-15 08:55:13
140,The University of Tokyo,the-university-of-tokyo,https://www.edx.org/_next/image?url=https%3A%2F%2Fprod-discovery.edx-cdn.org%2Forganization%2Flogos%2F234a2849-1ac0-44fc-a5bd-2ab0e4e077fe-b06b8a3a6bca.png&w=640&q=75,,,0,2026-05-15 08:55:13,2026-05-15 08:55:13
141,The University of Wisconsin-Madison,the-university-of-wisconsin-madison,https://www.edx.org/_next/image?url=https%3A%2F%2Fprod-discovery.edx-cdn.org%2Forganization%2Flogos%2F496e8de4-f4c2-4395-bfa4-5e9daeb60f1d-f8f8e09793a2.png&w=640&q=75,,,0,2026-05-15 08:55:13,2026-05-15 08:55:13
142,The World Wide Web Consortium (W3C),the-world-wide-web-consortium-(w3c),https://www.edx.org/_next/image?url=https%3A%2F%2Fprod-discovery.edx-cdn.org%2Forganization%2Flogos%2Fe3c306a5-f985-4c36-a157-a947aec040e8-429240b2f3d8.png&w=640&q=75,,,0,2026-05-15 08:55:13,2026-05-15 08:55:13
143,Thomas Edison State University,thomas-edison-state-university,https://www.edx.org/_next/image?url=https%3A%2F%2Fprod-discovery.edx-cdn.org%2Forganization%2Flogos%2F021d83c7-02d8-4e61-80e2-918bb758ca28-048ed135bac6.png&w=640&q=75,,,0,2026-05-15 08:55:13,2026-05-15 08:55:13
144,Trinity College,trinity-college,https://www.edx.org/_next/image?url=https%3A%2F%2Fprod-discovery.edx-cdn.org%2Forganization%2Flogos%2Ff6eddff7-8373-4fbe-bdcf-52014c1e8a16-ca25ad8e621c.png&w=640&q=75,,,0,2026-05-15 08:55:13,2026-05-15 08:55:13
145,Tsinghua University,tsinghua-university,https://www.edx.org/_next/image?url=https%3A%2F%2Fprod-discovery.edx-cdn.org%2Forganization%2Flogos%2Fb5714409-b5f4-4c9d-9348-b0fecbaaddd6-780fbb6c72c7.png&w=640&q=75,,,0,2026-05-15 08:55:13,2026-05-15 08:55:13
146,United Arab Emirates University,united-arab-emirates-university,https://www.edx.org/_next/image?url=https%3A%2F%2Fprod-discovery.edx-cdn.org%2Forganization%2Flogos%2F6af10922-4b91-4ce4-9e8b-f9ad140b2c5a-ffa44e1675f6.png&w=640&q=75,,,0,2026-05-15 08:55:13,2026-05-15 08:55:13
147,Universidad AutĂłnoma de Madrid,universidad-autăłnoma-de-madrid,https://www.edx.org/_next/image?url=https%3A%2F%2Fprod-discovery.edx-cdn.org%2Forganization%2Flogos%2Fdaf114d3-0909-4991-8dc0-10c319ee8687-cfb543208a6c.png&w=640&q=75,,,0,2026-05-15 08:55:13,2026-05-15 08:55:13
148,Universidad Carlos III de Madrid,universidad-carlos-iii-de-madrid,https://www.edx.org/_next/image?url=https%3A%2F%2Fprod-discovery.edx-cdn.org%2Forganization%2Flogos%2Fffbbf698-c445-4595-9466-b7cf8564a74f-329c8bde00db.png&w=640&q=75,,,0,2026-05-15 08:55:13,2026-05-15 08:55:13
149,Universidad del Rosario,universidad-del-rosario,https://www.edx.org/_next/image?url=https%3A%2F%2Fprod-discovery.edx-cdn.org%2Forganization%2Flogos%2Fe0bfb887-eabd-4f4a-8583-7e5aa368b274-cb687d8acb0e.png&w=640&q=75,,,0,2026-05-15 08:55:13,2026-05-15 08:55:13
150,Universidad Galileo,universidad-galileo,https://www.edx.org/_next/image?url=https%3A%2F%2Fprod-discovery.edx-cdn.org%2Forganization%2Flogos%2Fbc4110ab-affc-4aa3-9b65-f3df49e6379f-5fbf95d129d1.png&w=640&q=75,,,0,2026-05-15 08:55:13,2026-05-15 08:55:13
151,Universidad Nacional de CĂłrdoba,universidad-nacional-de-căłrdoba,https://www.edx.org/_next/image?url=https%3A%2F%2Fprod-discovery.edx-cdn.org%2Forganization%2Flogos%2F24d95e06-fead-4ef5-ad47-3a90f66157e8-acbda63564d5.png&w=640&q=75,,,0,2026-05-15 08:55:13,2026-05-15 08:55:13
152,Universidades AnĂˇhuac,universidades-anăˇhuac,https://www.edx.org/_next/image?url=https%3A%2F%2Fprod-discovery.edx-cdn.org%2Forganization%2Flogos%2Feedbb070-b505-4250-a9f9-5104b3029a8f-f33f8ea74659.png&w=640&q=75,,,0,2026-05-15 08:55:13,2026-05-15 08:55:13
153,UniversitĂ  degli Studi di Napoli Federico II,universită -degli-studi-di-napoli-federico-ii,https://www.edx.org/_next/image?url=https%3A%2F%2Fprod-discovery.edx-cdn.org%2Forganization%2Flogos%2F0b3b2258-7f32-4fb1-807a-87c79543347a-6c8ff3bf8f98.png&w=640&q=75,,,0,2026-05-15 08:55:13,2026-05-15 08:55:13
154,Universitat PolitĂ¨cnica de ValĂ¨ncia,universitat-polită¨cnica-de-vală¨ncia,https://www.edx.org/_next/image?url=https%3A%2F%2Fprod-discovery.edx-cdn.org%2Forganization%2Flogos%2F518a47f2-66fb-4529-8902-a4f7ca3002ef-32e55d44aff3.png&w=640&q=75,,,0,2026-05-15 08:55:13,2026-05-15 08:55:13
155,UniversitĂ© catholique de Louvain,universită©-catholique-de-louvain,https://www.edx.org/_next/image?url=https%3A%2F%2Fprod-discovery.edx-cdn.org%2Forganization%2Flogos%2F990c1282-3357-40c0-807b-d2bb8b27a716-eb4efe4fcff1.png&w=640&q=75,,,0,2026-05-15 08:55:13,2026-05-15 08:55:13
156,UniversitĂ© de MontrĂ©al,universită©-de-montră©al,https://www.edx.org/_next/image?url=https%3A%2F%2Fprod-discovery.edx-cdn.org%2Forganization%2Flogos%2F1181fcba-6687-4114-8c3c-f34815663fd7-a287d6820336.png&w=640&q=75,,,0,2026-05-15 08:55:13,2026-05-15 08:55:13
157,UniversitĂ© Mohammed VI Polytechnique,universită©-mohammed-vi-polytechnique,https://www.edx.org/_next/image?url=https%3A%2F%2Fprod-discovery.edx-cdn.org%2Forganization%2Flogos%2Fa75900e9-c7c1-4eca-b9cc-2fbaf7d614af-e1ab49e72a99.png&w=640&q=75,,,0,2026-05-15 08:55:13,2026-05-15 08:55:13
158,University of Alaska Fairbanks,university-of-alaska-fairbanks,https://www.edx.org/_next/image?url=https%3A%2F%2Fprod-discovery.edx-cdn.org%2Forganization%2Flogos%2F8d801db7-a298-4c63-9372-59e00f6e4038-b7c8e8d997b1.png&w=640&q=75,,,0,2026-05-15 08:55:13,2026-05-15 08:55:13
159,University of Bayreuth,university-of-bayreuth,https://www.edx.org/_next/image?url=https%3A%2F%2Fprod-discovery.edx-cdn.org%2Forganization%2Flogos%2Fa3bb78b3-f1e4-4d19-930f-9ed912b5d98a-92ba92fbff97.png&w=640&q=75,,,0,2026-05-15 08:55:13,2026-05-15 08:55:13
160,University of British Columbia,university-of-british-columbia,https://www.edx.org/_next/image?url=https%3A%2F%2Fprod-discovery.edx-cdn.org%2Forganization%2Flogos%2Feac96c61-1462-4084-a0b2-12525b74a9e1-8377159ff774.png&w=640&q=75,,,0,2026-05-15 08:55:13,2026-05-15 08:55:13
161,"University of California, Berkeley","university-of-california,-berkeley",https://www.edx.org/_next/image?url=https%3A%2F%2Fprod-discovery.edx-cdn.org%2Forganization%2Flogos%2F54bc81cb-b736-4505-aa51-dd2b18c61d84-2082c7ba1024.png&w=640&q=75,,,0,2026-05-15 08:55:13,2026-05-15 08:55:13
162,"University of California, Davis","university-of-california,-davis",https://www.edx.org/_next/image?url=https%3A%2F%2Fprod-discovery.edx-cdn.org%2Forganization%2Flogos%2F3a33451f-9a20-41f0-9cd1-5f3624a0940e-be0782e0ed48.png&w=640&q=75,,,0,2026-05-15 08:55:13,2026-05-15 08:55:13
163,"University of California, Riverside","university-of-california,-riverside",https://www.edx.org/_next/image?url=https%3A%2F%2Fprod-discovery.edx-cdn.org%2Forganization%2Flogos%2F1767225a-12fb-4aba-a267-b79f6c53bc53-9608ca05e386.png&w=640&q=75,,,0,2026-05-15 08:55:13,2026-05-15 08:55:13
164,University of Cambridge,university-of-cambridge,https://www.edx.org/_next/image?url=https%3A%2F%2Fprod-discovery.edx-cdn.org%2Forganization%2Flogos%2Fa7e2febc-e366-4b23-9fc3-5659cf53d452-8f8e75936e00.png&w=640&q=75,,,0,2026-05-15 08:55:13,2026-05-15 08:55:13
165,University of Canterbury,university-of-canterbury,https://www.edx.org/_next/image?url=https%3A%2F%2Fprod-discovery.edx-cdn.org%2Forganization%2Flogos%2Fecfbe814-b9bf-45ae-8bc0-baf62dbedeb6-8113d578a9f6.png&w=640&q=75,,,0,2026-05-15 08:55:13,2026-05-15 08:55:13
166,University of Cape Town,university-of-cape-town,https://www.edx.org/_next/image?url=https%3A%2F%2Fprod-discovery.edx-cdn.org%2Forganization%2Flogos%2Fc5b82171-94d3-40eb-befd-ade27c3d028a-d11f9c19058d.png&w=640&q=75,,,0,2026-05-15 08:55:13,2026-05-15 08:55:13
167,University of Chicago,university-of-chicago,https://www.edx.org/_next/image?url=https%3A%2F%2Fprod-discovery.edx-cdn.org%2Forganization%2Flogos%2Faece19ca-b03d-4273-8faf-d128d6c50fda-b1b4fad62b79.png&w=640&q=75,,,0,2026-05-15 08:55:13,2026-05-15 08:55:13
168,University of Denver,university-of-denver,https://www.edx.org/_next/image?url=https%3A%2F%2Fprod-discovery.edx-cdn.org%2Forganization%2Flogos%2Fdf269e97-7b6f-469d-82e6-7627ed7de4b3-e0e6ca7afe52.png&w=640&q=75,,,0,2026-05-15 08:55:13,2026-05-15 08:55:13
169,University of Maryland Baltimore County,university-of-maryland-baltimore-county,https://www.edx.org/_next/image?url=https%3A%2F%2Fprod-discovery.edx-cdn.org%2Forganization%2Flogos%2F097ca727-d3f4-43d0-8baf-9baf23c1314b-29d4b0840da2.png&w=640&q=75,,,0,2026-05-15 08:55:13,2026-05-15 08:55:13
170,University of Maryland Center for Environmental Science,university-of-maryland-center-for-environmental-science,https://www.edx.org/_next/image?url=https%3A%2F%2Fprod-discovery.edx-cdn.org%2Forganization%2Flogos%2Fd4f9849c-b3d6-46c4-9479-9d6b064b3649-f2316104fc3b.png&w=640&q=75,,,0,2026-05-15 08:55:13,2026-05-15 08:55:13
171,"University of Maryland, Baltimore","university-of-maryland,-baltimore",https://www.edx.org/_next/image?url=https%3A%2F%2Fprod-discovery.edx-cdn.org%2Forganization%2Flogos%2Ff4893162-fc4a-40ee-a149-2b72c5f95cd5-6dc0f3e8f7c6.png&w=640&q=75,,,0,2026-05-15 08:55:13,2026-05-15 08:55:13
172,University of Miami,university-of-miami,https://www.edx.org/_next/image?url=https%3A%2F%2Fprod-discovery.edx-cdn.org%2Forganization%2Flogos%2F4045c30f-85b1-48e2-b143-c413a0b37b6d-b03f5d7b0cb6.png&w=640&q=75,,,0,2026-05-15 08:55:13,2026-05-15 08:55:13
173,University of Notre Dame,university-of-notre-dame,https://www.edx.org/_next/image?url=https%3A%2F%2Fprod-discovery.edx-cdn.org%2Forganization%2Flogos%2F2c5210cb-3d23-4ba8-bcfa-edc7f0cfb368-1b48c3164a0a.png&w=640&q=75,,,0,2026-05-15 08:55:13,2026-05-15 08:55:13
174,University of Oxford,university-of-oxford,https://www.edx.org/_next/image?url=https%3A%2F%2Fprod-discovery.edx-cdn.org%2Forganization%2Flogos%2F2b628454-1c1f-4a61-978a-7bec1e588918-c29effcf4538.png&w=640&q=75,,,0,2026-05-15 08:55:13,2026-05-15 08:55:13
175,University of Pennsylvania,university-of-pennsylvania,https://www.edx.org/_next/image?url=https%3A%2F%2Fprod-discovery.edx-cdn.org%2Forganization%2Flogos%2Ffc03b413-d5d6-48af-974f-21da4d244ee8-6fe2970cf98b.png&w=640&q=75,,,0,2026-05-15 08:55:13,2026-05-15 08:55:13
176,University of Surrey,university-of-surrey,https://www.edx.org/_next/image?url=https%3A%2F%2Fprod-discovery.edx-cdn.org%2Forganization%2Flogos%2Ffab95b1f-000b-45fe-97a9-89b449974728-7da9db5b85f8.png&w=640&q=75,,,0,2026-05-15 08:55:13,2026-05-15 08:55:13
177,University of Toronto,university-of-toronto,https://www.edx.org/_next/image?url=https%3A%2F%2Fprod-discovery.edx-cdn.org%2Forganization%2Flogos%2F653cb5ea-d5fd-4531-a464-b03de9e52991-66dd31f831b4.png&w=640&q=75,,,0,2026-05-15 08:55:13,2026-05-15 08:55:13
178,Victoria University of Wellington,victoria-university-of-wellington,https://www.edx.org/_next/image?url=https%3A%2F%2Fprod-discovery.edx-cdn.org%2Forganization%2Flogos%2F5050f657-6d91-44ea-9edb-b6b9418feb37-e5ba3c4cd9e1.png&w=640&q=75,,,0,2026-05-15 08:55:13,2026-05-15 08:55:13
179,Wageningen University & Research,wageningen-university-and-research,https://www.edx.org/_next/image?url=https%3A%2F%2Fprod-discovery.edx-cdn.org%2Forganization%2Flogos%2F0c6e5fa2-96e8-40b2-9ebe-c8b0df2a3b22-7022589dbb5d.png&w=640&q=75,,,0,2026-05-15 08:55:13,2026-05-15 08:55:13
180,Waseda University,waseda-university,https://www.edx.org/_next/image?url=https%3A%2F%2Fprod-discovery.edx-cdn.org%2Forganization%2Flogos%2Fc2bb4096-9dbd-40d1-a4e9-d580dbbc9e48-5d1be3893b0c.png&w=640&q=75,,,0,2026-05-15 08:55:13,2026-05-15 08:55:13
181,Washington University in St. Louis,washington-university-in-st.-louis,https://www.edx.org/_next/image?url=https%3A%2F%2Fprod-discovery.edx-cdn.org%2Forganization%2Flogos%2F6cdcfb2c-4e56-4b46-af7d-a6424a0d258d-ed90fe7bb28e.png&w=640&q=75,,,0,2026-05-15 08:55:13,2026-05-15 08:55:13
182,Web3 Foundation,web3-foundation,https://www.edx.org/_next/image?url=https%3A%2F%2Fprod-discovery.edx-cdn.org%2Forganization%2Flogos%2F75831d72-095d-4fa8-9d79-88782a11fe9f-aeea98004d23.png&w=640&q=75,,,0,2026-05-15 08:55:13,2026-05-15 08:55:13
183,Wellesley College,wellesley-college,https://www.edx.org/_next/image?url=https%3A%2F%2Fprod-discovery.edx-cdn.org%2Forganization%2Flogos%2F672591a0-3f92-4e31-906c-ea14a2ff92b5-30bfef991443.png&w=640&q=75,,,0,2026-05-15 08:55:13,2026-05-15 08:55:13
184,Wesleyan University,wesleyan-university,https://www.edx.org/_next/image?url=https%3A%2F%2Fprod-discovery.edx-cdn.org%2Forganization%2Flogos%2Fe9aa723f-d772-4b63-9a8a-294bc3f250a3-7cdd5c24b1da.png&w=640&q=75,,,0,2026-05-15 08:55:13,2026-05-15 08:55:13
185,WOBI,wobi,https://www.edx.org/_next/image?url=https%3A%2F%2Fprod-discovery.edx-cdn.org%2Forganization%2Flogos%2F49ad8acd-73ab-46b4-b49f-448299008df9-c8daf30b1efe.png&w=640&q=75,,,0,2026-05-15 08:55:13,2026-05-15 08:55:13
186,World Bank Group,world-bank-group,https://www.edx.org/_next/image?url=https%3A%2F%2Fprod-discovery.edx-cdn.org%2Forganization%2Flogos%2F3ca455dc-4c90-4097-9203-d647e3e70771-af804add6293.png&w=640&q=75,,,0,2026-05-15 08:55:13,2026-05-15 08:55:13
187,ZHAW Zurich University of Applied Sciences,zhaw-zurich-university-of-applied-sciences,https://www.edx.org/_next/image?url=https%3A%2F%2Fprod-discovery.edx-cdn.org%2Forganization%2Flogos%2F36304736-96de-45a9-9176-49fe80846a17-d55ca16b8b12.png&w=640&q=75,,,0,2026-05-15 08:55:13,2026-05-15 08:55:13
